"","p_ab_perm_mean_c","p_ab_perm_ab_c","p_opsign_ci","n_conv_warn","ab","mean_ab_perm","J","a","b","c_p","mc.cores","n_j","nperms","nreps","optimizer","save_dir","simulation_name","theta_ab"
"1",1,1,0,0,0.429155171934397,0.422741303680764,100,0.5,1,0.5,24,10,2500,500,"bobyqa","/net/holynfs01/srv/export/mclaughlin/share_root/users/jflournoy/data/permediatr/test/","pmjob_30",0.2
"2",1,1,0,0,0.479739795767351,0.477472140134992,100,0.5,1,0.5,24,10,2500,500,"bobyqa","/net/holynfs01/srv/export/mclaughlin/share_root/users/jflournoy/data/permediatr/test/","pmjob_30",0.2
"3",1,1,0,0,0.398618858999968,0.401077690091945,100,0.5,1,0.5,24,10,2500,500,"bobyqa","/net/holynfs01/srv/export/mclaughlin/share_root/users/jflournoy/data/permediatr/test/","pmjob_30",0.2
"4",1,1,0,0,0.515835735824864,0.505074428252415,100,0.5,1,0.5,24,10,2500,500,"bobyqa","/net/holynfs01/srv/export/mclaughlin/share_root/users/jflournoy/data/permediatr/test/","pmjob_30",0.2
"5",1,1,0,0,0.512600888639441,0.510089645682785,100,0.5,1,0.5,24,10,2500,500,"bobyqa","/net/holynfs01/srv/export/mclaughlin/share_root/users/jflournoy/data/permediatr/test/","pmjob_30",0.2
"6",1,1,0,0,0.538716951531147,0.519689505077579,100,0.5,1,0.5,24,10,2500,500,"bobyqa","/net/holynfs01/srv/export/mclaughlin/share_root/users/jflournoy/data/permediatr/test/","pmjob_30",0.2
"7",1,1,0,0,0.406789425693918,0.401135436914492,100,0.5,1,0.5,24,10,2500,500,"bobyqa","/net/holynfs01/srv/export/mclaughlin/share_root/users/jflournoy/data/permediatr/test/","pmjob_30",0.2
"8",1,1,0,0,0.54924020209031,0.538107580052539,100,0.5,1,0.5,24,10,2500,500,"bobyqa","/net/holynfs01/srv/export/mclaughlin/share_root/users/jflournoy/data/permediatr/test/","pmjob_30",0.2
"9",1,1,0,0,0.493172589310449,0.46866998948741,100,0.5,1,0.5,24,10,2500,500,"bobyqa","/net/holynfs01/srv/export/mclaughlin/share_root/users/jflournoy/data/permediatr/test/","pmjob_30",0.2
"10",1,1,0,0,0.42931106626089,0.447589196874041,100,0.5,1,0.5,24,10,2500,500,"bobyqa","/net/holynfs01/srv/export/mclaughlin/share_root/users/jflournoy/data/permediatr/test/","pmjob_30",0.2
"11",1,1,0,0,0.507061955134643,0.494626449783153,100,0.5,1,0.5,24,10,2500,500,"bobyqa","/net/holynfs01/srv/export/mclaughlin/share_root/users/jflournoy/data/permediatr/test/","pmjob_30",0.2
"12",1,1,0,0,0.526701213884041,0.520376904787873,100,0.5,1,0.5,24,10,2500,500,"bobyqa","/net/holynfs01/srv/export/mclaughlin/share_root/users/jflournoy/data/permediatr/test/","pmjob_30",0.2
"13",1,1,0,0,0.464631008570012,0.471330860263198,100,0.5,1,0.5,24,10,2500,500,"bobyqa","/net/holynfs01/srv/export/mclaughlin/share_root/users/jflournoy/data/permediatr/test/","pmjob_30",0.2
"14",1,1,0,0,0.381943246779285,0.380298527571973,100,0.5,1,0.5,24,10,2500,500,"bobyqa","/net/holynfs01/srv/export/mclaughlin/share_root/users/jflournoy/data/permediatr/test/","pmjob_30",0.2
"15",1,1,0,0,0.454374430299798,0.465504954842447,100,0.5,1,0.5,24,10,2500,500,"bobyqa","/net/holynfs01/srv/export/mclaughlin/share_root/users/jflournoy/data/permediatr/test/","pmjob_30",0.2
"16",1,1,0,0,0.502915303660825,0.499153982367372,100,0.5,1,0.5,24,10,2500,500,"bobyqa","/net/holynfs01/srv/export/mclaughlin/share_root/users/jflournoy/data/permediatr/test/","pmjob_30",0.2
"17",1,1,0,0,0.412122260689378,0.391316871388892,100,0.5,1,0.5,24,10,2500,500,"bobyqa","/net/holynfs01/srv/export/mclaughlin/share_root/users/jflournoy/data/permediatr/test/","pmjob_30",0.2
"18",1,1,0,0,0.445076209748479,0.45760024638116,100,0.5,1,0.5,24,10,2500,500,"bobyqa","/net/holynfs01/srv/export/mclaughlin/share_root/users/jflournoy/data/permediatr/test/","pmjob_30",0.2
"19",1,1,0,0,0.472279879431699,0.46450937548179,100,0.5,1,0.5,24,10,2500,500,"bobyqa","/net/holynfs01/srv/export/mclaughlin/share_root/users/jflournoy/data/permediatr/test/","pmjob_30",0.2
"20",1,1,0,0,0.460854638463087,0.489502816402223,100,0.5,1,0.5,24,10,2500,500,"bobyqa","/net/holynfs01/srv/export/mclaughlin/share_root/users/jflournoy/data/permediatr/test/","pmjob_30",0.2
"21",1,1,0,0,0.491773862869967,0.488851135105229,100,0.5,1,0.5,24,10,2500,500,"bobyqa","/net/holynfs01/srv/export/mclaughlin/share_root/users/jflournoy/data/permediatr/test/","pmjob_30",0.2
"22",1,1,0,0,0.571762452138651,0.564398429162985,100,0.5,1,0.5,24,10,2500,500,"bobyqa","/net/holynfs01/srv/export/mclaughlin/share_root/users/jflournoy/data/permediatr/test/","pmjob_30",0.2
"23",1,1,0,0,0.513927141583702,0.514967901790364,100,0.5,1,0.5,24,10,2500,500,"bobyqa","/net/holynfs01/srv/export/mclaughlin/share_root/users/jflournoy/data/permediatr/test/","pmjob_30",0.2
"24",1,1,0,0,0.421433927819057,0.425004233158656,100,0.5,1,0.5,24,10,2500,500,"bobyqa","/net/holynfs01/srv/export/mclaughlin/share_root/users/jflournoy/data/permediatr/test/","pmjob_30",0.2
"25",1,1,0,0,0.453217980347878,0.439444405932051,100,0.5,1,0.5,24,10,2500,500,"bobyqa","/net/holynfs01/srv/export/mclaughlin/share_root/users/jflournoy/data/permediatr/test/","pmjob_30",0.2
"26",1,1,0,0,0.415901419800376,0.404444893068623,100,0.5,1,0.5,24,10,2500,500,"bobyqa","/net/holynfs01/srv/export/mclaughlin/share_root/users/jflournoy/data/permediatr/test/","pmjob_30",0.2
"27",1,1,0,0,0.387097238700753,0.377858826120154,100,0.5,1,0.5,24,10,2500,500,"bobyqa","/net/holynfs01/srv/export/mclaughlin/share_root/users/jflournoy/data/permediatr/test/","pmjob_30",0.2
"28",1,1,0,0,0.452618924227421,0.444177208891397,100,0.5,1,0.5,24,10,2500,500,"bobyqa","/net/holynfs01/srv/export/mclaughlin/share_root/users/jflournoy/data/permediatr/test/","pmjob_30",0.2
"29",1,1,0,0,0.464351259086948,0.471412550408759,100,0.5,1,0.5,24,10,2500,500,"bobyqa","/net/holynfs01/srv/export/mclaughlin/share_root/users/jflournoy/data/permediatr/test/","pmjob_30",0.2
"30",1,1,0,0,0.374410095984413,0.385483200062198,100,0.5,1,0.5,24,10,2500,500,"bobyqa","/net/holynfs01/srv/export/mclaughlin/share_root/users/jflournoy/data/permediatr/test/","pmjob_30",0.2
"31",1,1,0,0,0.461451488186807,0.457848992438251,100,0.5,1,0.5,24,10,2500,500,"bobyqa","/net/holynfs01/srv/export/mclaughlin/share_root/users/jflournoy/data/permediatr/test/","pmjob_30",0.2
"32",1,1,0,0,0.520833115105311,0.520746778720322,100,0.5,1,0.5,24,10,2500,500,"bobyqa","/net/holynfs01/srv/export/mclaughlin/share_root/users/jflournoy/data/permediatr/test/","pmjob_30",0.2
"33",1,1,0,0,0.629757721320166,0.616748142345119,100,0.5,1,0.5,24,10,2500,500,"bobyqa","/net/holynfs01/srv/export/mclaughlin/share_root/users/jflournoy/data/permediatr/test/","pmjob_30",0.2
"34",1,1,0,0,0.558676677534641,0.553706284001753,100,0.5,1,0.5,24,10,2500,500,"bobyqa","/net/holynfs01/srv/export/mclaughlin/share_root/users/jflournoy/data/permediatr/test/","pmjob_30",0.2
"35",1,1,0,0,0.505264495109156,0.482084437947845,100,0.5,1,0.5,24,10,2500,500,"bobyqa","/net/holynfs01/srv/export/mclaughlin/share_root/users/jflournoy/data/permediatr/test/","pmjob_30",0.2
"36",1,1,0,0,0.445993641303255,0.463758232447108,100,0.5,1,0.5,24,10,2500,500,"bobyqa","/net/holynfs01/srv/export/mclaughlin/share_root/users/jflournoy/data/permediatr/test/","pmjob_30",0.2
"37",1,1,0,0,0.555772297916974,0.537002606087472,100,0.5,1,0.5,24,10,2500,500,"bobyqa","/net/holynfs01/srv/export/mclaughlin/share_root/users/jflournoy/data/permediatr/test/","pmjob_30",0.2
"38",1,1,0,0,0.543098223492185,0.551870443205347,100,0.5,1,0.5,24,10,2500,500,"bobyqa","/net/holynfs01/srv/export/mclaughlin/share_root/users/jflournoy/data/permediatr/test/","pmjob_30",0.2
"39",1,1,0,0,0.468514932832087,0.462148590216764,100,0.5,1,0.5,24,10,2500,500,"bobyqa","/net/holynfs01/srv/export/mclaughlin/share_root/users/jflournoy/data/permediatr/test/","pmjob_30",0.2
"40",1,1,0,0,0.378492402050169,0.394500519951117,100,0.5,1,0.5,24,10,2500,500,"bobyqa","/net/holynfs01/srv/export/mclaughlin/share_root/users/jflournoy/data/permediatr/test/","pmjob_30",0.2
"41",1,1,0,0,0.56593743307431,0.579540590997181,100,0.5,1,0.5,24,10,2500,500,"bobyqa","/net/holynfs01/srv/export/mclaughlin/share_root/users/jflournoy/data/permediatr/test/","pmjob_30",0.2
"42",1,1,0,0,0.559976595163479,0.558145269021038,100,0.5,1,0.5,24,10,2500,500,"bobyqa","/net/holynfs01/srv/export/mclaughlin/share_root/users/jflournoy/data/permediatr/test/","pmjob_30",0.2
"43",1,1,0,0,0.506969465222247,0.520403944044826,100,0.5,1,0.5,24,10,2500,500,"bobyqa","/net/holynfs01/srv/export/mclaughlin/share_root/users/jflournoy/data/permediatr/test/","pmjob_30",0.2
"44",1,1,0,0,0.493427375756948,0.494034101283734,100,0.5,1,0.5,24,10,2500,500,"bobyqa","/net/holynfs01/srv/export/mclaughlin/share_root/users/jflournoy/data/permediatr/test/","pmjob_30",0.2
"45",1,1,0,0,0.541520022988762,0.549713947629477,100,0.5,1,0.5,24,10,2500,500,"bobyqa","/net/holynfs01/srv/export/mclaughlin/share_root/users/jflournoy/data/permediatr/test/","pmjob_30",0.2
"46",1,1,0,0,0.443591924916405,0.438102940114895,100,0.5,1,0.5,24,10,2500,500,"bobyqa","/net/holynfs01/srv/export/mclaughlin/share_root/users/jflournoy/data/permediatr/test/","pmjob_30",0.2
"47",1,1,0,0,0.499197844330015,0.510719461526994,100,0.5,1,0.5,24,10,2500,500,"bobyqa","/net/holynfs01/srv/export/mclaughlin/share_root/users/jflournoy/data/permediatr/test/","pmjob_30",0.2
"48",1,1,0,0,0.709998932137553,0.693173922456484,100,0.5,1,0.5,24,10,2500,500,"bobyqa","/net/holynfs01/srv/export/mclaughlin/share_root/users/jflournoy/data/permediatr/test/","pmjob_30",0.2
"49",1,1,0,0,0.54716151388633,0.542529699914899,100,0.5,1,0.5,24,10,2500,500,"bobyqa","/net/holynfs01/srv/export/mclaughlin/share_root/users/jflournoy/data/permediatr/test/","pmjob_30",0.2
"50",1,1,0,0,0.469542166737935,0.481989416303947,100,0.5,1,0.5,24,10,2500,500,"bobyqa","/net/holynfs01/srv/export/mclaughlin/share_root/users/jflournoy/data/permediatr/test/","pmjob_30",0.2
"51",1,1,0,0,0.579822467871204,0.571446131785211,100,0.5,1,0.5,24,10,2500,500,"bobyqa","/net/holynfs01/srv/export/mclaughlin/share_root/users/jflournoy/data/permediatr/test/","pmjob_30",0.2
"52",1,1,0,0,0.480817863465541,0.470260795796753,100,0.5,1,0.5,24,10,2500,500,"bobyqa","/net/holynfs01/srv/export/mclaughlin/share_root/users/jflournoy/data/permediatr/test/","pmjob_30",0.2
"53",1,1,0,0,0.548844099161003,0.561808365431959,100,0.5,1,0.5,24,10,2500,500,"bobyqa","/net/holynfs01/srv/export/mclaughlin/share_root/users/jflournoy/data/permediatr/test/","pmjob_30",0.2
"54",1,1,0,0,0.577601417870704,0.562031784604631,100,0.5,1,0.5,24,10,2500,500,"bobyqa","/net/holynfs01/srv/export/mclaughlin/share_root/users/jflournoy/data/permediatr/test/","pmjob_30",0.2
"55",1,1,0,0,0.569743696426432,0.559953316516582,100,0.5,1,0.5,24,10,2500,500,"bobyqa","/net/holynfs01/srv/export/mclaughlin/share_root/users/jflournoy/data/permediatr/test/","pmjob_30",0.2
"56",1,1,0,0,0.479924377921223,0.497398847209226,100,0.5,1,0.5,24,10,2500,500,"bobyqa","/net/holynfs01/srv/export/mclaughlin/share_root/users/jflournoy/data/permediatr/test/","pmjob_30",0.2
"57",1,1,0,0,0.489079055799215,0.479812832519728,100,0.5,1,0.5,24,10,2500,500,"bobyqa","/net/holynfs01/srv/export/mclaughlin/share_root/users/jflournoy/data/permediatr/test/","pmjob_30",0.2
"58",1,1,0,0,0.40332590453661,0.408042737744493,100,0.5,1,0.5,24,10,2500,500,"bobyqa","/net/holynfs01/srv/export/mclaughlin/share_root/users/jflournoy/data/permediatr/test/","pmjob_30",0.2
"59",1,1,0,0,0.4369504431208,0.442529694255335,100,0.5,1,0.5,24,10,2500,500,"bobyqa","/net/holynfs01/srv/export/mclaughlin/share_root/users/jflournoy/data/permediatr/test/","pmjob_30",0.2
"60",1,1,0,0,0.484336269118196,0.488889580075664,100,0.5,1,0.5,24,10,2500,500,"bobyqa","/net/holynfs01/srv/export/mclaughlin/share_root/users/jflournoy/data/permediatr/test/","pmjob_30",0.2
"61",1,1,0,0,0.56096880026244,0.556421412465546,100,0.5,1,0.5,24,10,2500,500,"bobyqa","/net/holynfs01/srv/export/mclaughlin/share_root/users/jflournoy/data/permediatr/test/","pmjob_30",0.2
"62",1,1,0,0,0.463301282885338,0.467009031762972,100,0.5,1,0.5,24,10,2500,500,"bobyqa","/net/holynfs01/srv/export/mclaughlin/share_root/users/jflournoy/data/permediatr/test/","pmjob_30",0.2
"63",1,1,0,0,0.472270445446486,0.442879528474161,100,0.5,1,0.5,24,10,2500,500,"bobyqa","/net/holynfs01/srv/export/mclaughlin/share_root/users/jflournoy/data/permediatr/test/","pmjob_30",0.2
"64",1,1,0,0,0.534883189425992,0.527606382639957,100,0.5,1,0.5,24,10,2500,500,"bobyqa","/net/holynfs01/srv/export/mclaughlin/share_root/users/jflournoy/data/permediatr/test/","pmjob_30",0.2
"65",1,1,0,0,0.562476953452735,0.561713573675241,100,0.5,1,0.5,24,10,2500,500,"bobyqa","/net/holynfs01/srv/export/mclaughlin/share_root/users/jflournoy/data/permediatr/test/","pmjob_30",0.2
"66",1,1,0,0,0.567456330317962,0.568801969194077,100,0.5,1,0.5,24,10,2500,500,"bobyqa","/net/holynfs01/srv/export/mclaughlin/share_root/users/jflournoy/data/permediatr/test/","pmjob_30",0.2
"67",1,1,0,0,0.557935305430985,0.56889385384948,100,0.5,1,0.5,24,10,2500,500,"bobyqa","/net/holynfs01/srv/export/mclaughlin/share_root/users/jflournoy/data/permediatr/test/","pmjob_30",0.2
"68",1,1,0,0,0.588380545238765,0.580480990036894,100,0.5,1,0.5,24,10,2500,500,"bobyqa","/net/holynfs01/srv/export/mclaughlin/share_root/users/jflournoy/data/permediatr/test/","pmjob_30",0.2
"69",1,1,0,0,0.455831748356785,0.458528749561718,100,0.5,1,0.5,24,10,2500,500,"bobyqa","/net/holynfs01/srv/export/mclaughlin/share_root/users/jflournoy/data/permediatr/test/","pmjob_30",0.2
"70",1,1,0,0,0.535855444423199,0.551334760815018,100,0.5,1,0.5,24,10,2500,500,"bobyqa","/net/holynfs01/srv/export/mclaughlin/share_root/users/jflournoy/data/permediatr/test/","pmjob_30",0.2
"71",1,1,0,0,0.465206543554913,0.475017896477508,100,0.5,1,0.5,24,10,2500,500,"bobyqa","/net/holynfs01/srv/export/mclaughlin/share_root/users/jflournoy/data/permediatr/test/","pmjob_30",0.2
"72",1,1,0,0,0.453939774382946,0.460986558742058,100,0.5,1,0.5,24,10,2500,500,"bobyqa","/net/holynfs01/srv/export/mclaughlin/share_root/users/jflournoy/data/permediatr/test/","pmjob_30",0.2
"73",1,1,0,0,0.513149657117409,0.529061169916748,100,0.5,1,0.5,24,10,2500,500,"bobyqa","/net/holynfs01/srv/export/mclaughlin/share_root/users/jflournoy/data/permediatr/test/","pmjob_30",0.2
"74",1,1,0,0,0.416042751254942,0.415796880165341,100,0.5,1,0.5,24,10,2500,500,"bobyqa","/net/holynfs01/srv/export/mclaughlin/share_root/users/jflournoy/data/permediatr/test/","pmjob_30",0.2
"75",1,1,0,0,0.508486663074117,0.515578235707227,100,0.5,1,0.5,24,10,2500,500,"bobyqa","/net/holynfs01/srv/export/mclaughlin/share_root/users/jflournoy/data/permediatr/test/","pmjob_30",0.2
"76",1,1,0,0,0.532460893465807,0.521664386881537,100,0.5,1,0.5,24,10,2500,500,"bobyqa","/net/holynfs01/srv/export/mclaughlin/share_root/users/jflournoy/data/permediatr/test/","pmjob_30",0.2
"77",1,1,0,0,0.461482461666293,0.453674960992622,100,0.5,1,0.5,24,10,2500,500,"bobyqa","/net/holynfs01/srv/export/mclaughlin/share_root/users/jflournoy/data/permediatr/test/","pmjob_30",0.2
"78",1,1,0,0,0.56810155482756,0.550342283244942,100,0.5,1,0.5,24,10,2500,500,"bobyqa","/net/holynfs01/srv/export/mclaughlin/share_root/users/jflournoy/data/permediatr/test/","pmjob_30",0.2
"79",1,1,0,0,0.545570135574037,0.544535301208419,100,0.5,1,0.5,24,10,2500,500,"bobyqa","/net/holynfs01/srv/export/mclaughlin/share_root/users/jflournoy/data/permediatr/test/","pmjob_30",0.2
"80",1,1,0,0,0.38714937407406,0.37588153931569,100,0.5,1,0.5,24,10,2500,500,"bobyqa","/net/holynfs01/srv/export/mclaughlin/share_root/users/jflournoy/data/permediatr/test/","pmjob_30",0.2
"81",1,1,0,0,0.514484499856783,0.528487008940474,100,0.5,1,0.5,24,10,2500,500,"bobyqa","/net/holynfs01/srv/export/mclaughlin/share_root/users/jflournoy/data/permediatr/test/","pmjob_30",0.2
"82",1,1,0,0,0.522341454795025,0.541234943408417,100,0.5,1,0.5,24,10,2500,500,"bobyqa","/net/holynfs01/srv/export/mclaughlin/share_root/users/jflournoy/data/permediatr/test/","pmjob_30",0.2
"83",1,1,0,0,0.362159243922304,0.381106724087782,100,0.5,1,0.5,24,10,2500,500,"bobyqa","/net/holynfs01/srv/export/mclaughlin/share_root/users/jflournoy/data/permediatr/test/","pmjob_30",0.2
"84",1,1,0,0,0.629563301691634,0.634052273556571,100,0.5,1,0.5,24,10,2500,500,"bobyqa","/net/holynfs01/srv/export/mclaughlin/share_root/users/jflournoy/data/permediatr/test/","pmjob_30",0.2
"85",1,1,0,0,0.406761655693244,0.41126522613731,100,0.5,1,0.5,24,10,2500,500,"bobyqa","/net/holynfs01/srv/export/mclaughlin/share_root/users/jflournoy/data/permediatr/test/","pmjob_30",0.2
"86",1,1,0,0,0.456089317697563,0.444626067158405,100,0.5,1,0.5,24,10,2500,500,"bobyqa","/net/holynfs01/srv/export/mclaughlin/share_root/users/jflournoy/data/permediatr/test/","pmjob_30",0.2
"87",1,1,0,0,0.592984819235364,0.592723404061543,100,0.5,1,0.5,24,10,2500,500,"bobyqa","/net/holynfs01/srv/export/mclaughlin/share_root/users/jflournoy/data/permediatr/test/","pmjob_30",0.2
"88",1,1,0,0,0.558117380990906,0.570325313543457,100,0.5,1,0.5,24,10,2500,500,"bobyqa","/net/holynfs01/srv/export/mclaughlin/share_root/users/jflournoy/data/permediatr/test/","pmjob_30",0.2
"89",1,1,0,0,0.555364787821749,0.555397792923061,100,0.5,1,0.5,24,10,2500,500,"bobyqa","/net/holynfs01/srv/export/mclaughlin/share_root/users/jflournoy/data/permediatr/test/","pmjob_30",0.2
"90",1,1,0,0,0.416112642781409,0.404111197907937,100,0.5,1,0.5,24,10,2500,500,"bobyqa","/net/holynfs01/srv/export/mclaughlin/share_root/users/jflournoy/data/permediatr/test/","pmjob_30",0.2
"91",1,1,0,0,0.652154753606474,0.66733715390745,100,0.5,1,0.5,24,10,2500,500,"bobyqa","/net/holynfs01/srv/export/mclaughlin/share_root/users/jflournoy/data/permediatr/test/","pmjob_30",0.2
"92",1,1,0,0,0.528833799750863,0.51449681623803,100,0.5,1,0.5,24,10,2500,500,"bobyqa","/net/holynfs01/srv/export/mclaughlin/share_root/users/jflournoy/data/permediatr/test/","pmjob_30",0.2
"93",1,1,0,0,0.428441277827825,0.433907525407509,100,0.5,1,0.5,24,10,2500,500,"bobyqa","/net/holynfs01/srv/export/mclaughlin/share_root/users/jflournoy/data/permediatr/test/","pmjob_30",0.2
"94",1,1,0,0,0.59111677799641,0.611587430681671,100,0.5,1,0.5,24,10,2500,500,"bobyqa","/net/holynfs01/srv/export/mclaughlin/share_root/users/jflournoy/data/permediatr/test/","pmjob_30",0.2
"95",1,1,0,0,0.480058636536857,0.480366907636679,100,0.5,1,0.5,24,10,2500,500,"bobyqa","/net/holynfs01/srv/export/mclaughlin/share_root/users/jflournoy/data/permediatr/test/","pmjob_30",0.2
"96",1,1,0,0,0.589760520678013,0.600417206777867,100,0.5,1,0.5,24,10,2500,500,"bobyqa","/net/holynfs01/srv/export/mclaughlin/share_root/users/jflournoy/data/permediatr/test/","pmjob_30",0.2
"97",1,1,0,0,0.565783570331916,0.55312373684752,100,0.5,1,0.5,24,10,2500,500,"bobyqa","/net/holynfs01/srv/export/mclaughlin/share_root/users/jflournoy/data/permediatr/test/","pmjob_30",0.2
"98",1,1,0,0,0.507503325006976,0.513203847350857,100,0.5,1,0.5,24,10,2500,500,"bobyqa","/net/holynfs01/srv/export/mclaughlin/share_root/users/jflournoy/data/permediatr/test/","pmjob_30",0.2
"99",1,1,0,0,0.499499564297164,0.494506938191697,100,0.5,1,0.5,24,10,2500,500,"bobyqa","/net/holynfs01/srv/export/mclaughlin/share_root/users/jflournoy/data/permediatr/test/","pmjob_30",0.2
"100",1,1,0,0,0.627291059867338,0.61759516280111,100,0.5,1,0.5,24,10,2500,500,"bobyqa","/net/holynfs01/srv/export/mclaughlin/share_root/users/jflournoy/data/permediatr/test/","pmjob_30",0.2
"101",1,1,0,0,0.469225411585896,0.476165906385985,100,0.5,1,0.5,24,10,2500,500,"bobyqa","/net/holynfs01/srv/export/mclaughlin/share_root/users/jflournoy/data/permediatr/test/","pmjob_30",0.2
"102",1,1,0,0,0.532936339660377,0.550149117616282,100,0.5,1,0.5,24,10,2500,500,"bobyqa","/net/holynfs01/srv/export/mclaughlin/share_root/users/jflournoy/data/permediatr/test/","pmjob_30",0.2
"103",1,1,0,0,0.439201953480717,0.432133126660024,100,0.5,1,0.5,24,10,2500,500,"bobyqa","/net/holynfs01/srv/export/mclaughlin/share_root/users/jflournoy/data/permediatr/test/","pmjob_30",0.2
"104",1,1,0,0,0.389394845827301,0.388026200500217,100,0.5,1,0.5,24,10,2500,500,"bobyqa","/net/holynfs01/srv/export/mclaughlin/share_root/users/jflournoy/data/permediatr/test/","pmjob_30",0.2
"105",1,1,0,0,0.424535970013737,0.436824469950963,100,0.5,1,0.5,24,10,2500,500,"bobyqa","/net/holynfs01/srv/export/mclaughlin/share_root/users/jflournoy/data/permediatr/test/","pmjob_30",0.2
"106",1,1,0,0,0.356900144208958,0.367539866431363,100,0.5,1,0.5,24,10,2500,500,"bobyqa","/net/holynfs01/srv/export/mclaughlin/share_root/users/jflournoy/data/permediatr/test/","pmjob_30",0.2
"107",1,1,0,0,0.497834464286865,0.502264584276306,100,0.5,1,0.5,24,10,2500,500,"bobyqa","/net/holynfs01/srv/export/mclaughlin/share_root/users/jflournoy/data/permediatr/test/","pmjob_30",0.2
"108",1,1,0,0,0.470143963973935,0.460936032333842,100,0.5,1,0.5,24,10,2500,500,"bobyqa","/net/holynfs01/srv/export/mclaughlin/share_root/users/jflournoy/data/permediatr/test/","pmjob_30",0.2
"109",1,1,0,0,0.43554916863422,0.458642708202053,100,0.5,1,0.5,24,10,2500,500,"bobyqa","/net/holynfs01/srv/export/mclaughlin/share_root/users/jflournoy/data/permediatr/test/","pmjob_30",0.2
"110",1,1,0,0,0.503571975076089,0.506672024273804,100,0.5,1,0.5,24,10,2500,500,"bobyqa","/net/holynfs01/srv/export/mclaughlin/share_root/users/jflournoy/data/permediatr/test/","pmjob_30",0.2
"111",1,1,0,0,0.426316568599632,0.429689769058859,100,0.5,1,0.5,24,10,2500,500,"bobyqa","/net/holynfs01/srv/export/mclaughlin/share_root/users/jflournoy/data/permediatr/test/","pmjob_30",0.2
"112",1,1,0,0,0.597213074620411,0.577204645799311,100,0.5,1,0.5,24,10,2500,500,"bobyqa","/net/holynfs01/srv/export/mclaughlin/share_root/users/jflournoy/data/permediatr/test/","pmjob_30",0.2
"113",1,1,0,0,0.499671529591594,0.502148771956701,100,0.5,1,0.5,24,10,2500,500,"bobyqa","/net/holynfs01/srv/export/mclaughlin/share_root/users/jflournoy/data/permediatr/test/","pmjob_30",0.2
"114",1,1,0,0,0.578128088768813,0.59990207116489,100,0.5,1,0.5,24,10,2500,500,"bobyqa","/net/holynfs01/srv/export/mclaughlin/share_root/users/jflournoy/data/permediatr/test/","pmjob_30",0.2
"115",1,1,0,0,0.573879262153837,0.563418015260955,100,0.5,1,0.5,24,10,2500,500,"bobyqa","/net/holynfs01/srv/export/mclaughlin/share_root/users/jflournoy/data/permediatr/test/","pmjob_30",0.2
"116",1,1,0,0,0.549389015233887,0.530529607295551,100,0.5,1,0.5,24,10,2500,500,"bobyqa","/net/holynfs01/srv/export/mclaughlin/share_root/users/jflournoy/data/permediatr/test/","pmjob_30",0.2
"117",1,1,0,0,0.430608069406627,0.43843399182997,100,0.5,1,0.5,24,10,2500,500,"bobyqa","/net/holynfs01/srv/export/mclaughlin/share_root/users/jflournoy/data/permediatr/test/","pmjob_30",0.2
"118",1,1,0,0,0.408100915513928,0.417584949023621,100,0.5,1,0.5,24,10,2500,500,"bobyqa","/net/holynfs01/srv/export/mclaughlin/share_root/users/jflournoy/data/permediatr/test/","pmjob_30",0.2
"119",1,1,0,0,0.487690982096697,0.50356336729668,100,0.5,1,0.5,24,10,2500,500,"bobyqa","/net/holynfs01/srv/export/mclaughlin/share_root/users/jflournoy/data/permediatr/test/","pmjob_30",0.2
"120",1,1,0,0,0.546119509405243,0.533449074593389,100,0.5,1,0.5,24,10,2500,500,"bobyqa","/net/holynfs01/srv/export/mclaughlin/share_root/users/jflournoy/data/permediatr/test/","pmjob_30",0.2
"121",1,1,0,0,0.513995894175952,0.515197594674779,100,0.5,1,0.5,24,10,2500,500,"bobyqa","/net/holynfs01/srv/export/mclaughlin/share_root/users/jflournoy/data/permediatr/test/","pmjob_30",0.2
"122",1,1,0,0,0.382950216467331,0.394334977171177,100,0.5,1,0.5,24,10,2500,500,"bobyqa","/net/holynfs01/srv/export/mclaughlin/share_root/users/jflournoy/data/permediatr/test/","pmjob_30",0.2
"123",1,1,0,0,0.53142013697184,0.521456633460648,100,0.5,1,0.5,24,10,2500,500,"bobyqa","/net/holynfs01/srv/export/mclaughlin/share_root/users/jflournoy/data/permediatr/test/","pmjob_30",0.2
"124",1,1,0,0,0.433950974971104,0.429660089734079,100,0.5,1,0.5,24,10,2500,500,"bobyqa","/net/holynfs01/srv/export/mclaughlin/share_root/users/jflournoy/data/permediatr/test/","pmjob_30",0.2
"125",1,1,0,0,0.599753399353312,0.592947338096013,100,0.5,1,0.5,24,10,2500,500,"bobyqa","/net/holynfs01/srv/export/mclaughlin/share_root/users/jflournoy/data/permediatr/test/","pmjob_30",0.2
"126",1,1,0,0,0.464199676512469,0.450371364470732,100,0.5,1,0.5,24,10,2500,500,"bobyqa","/net/holynfs01/srv/export/mclaughlin/share_root/users/jflournoy/data/permediatr/test/","pmjob_30",0.2
"127",1,1,0,0,0.44765263038598,0.454722483612887,100,0.5,1,0.5,24,10,2500,500,"bobyqa","/net/holynfs01/srv/export/mclaughlin/share_root/users/jflournoy/data/permediatr/test/","pmjob_30",0.2
"128",1,1,0,0,0.485290087353179,0.501002328939892,100,0.5,1,0.5,24,10,2500,500,"bobyqa","/net/holynfs01/srv/export/mclaughlin/share_root/users/jflournoy/data/permediatr/test/","pmjob_30",0.2
"129",1,1,0,0,0.398735431280551,0.422276358486431,100,0.5,1,0.5,24,10,2500,500,"bobyqa","/net/holynfs01/srv/export/mclaughlin/share_root/users/jflournoy/data/permediatr/test/","pmjob_30",0.2
"130",1,1,0,0,0.420433250495971,0.420102271910719,100,0.5,1,0.5,24,10,2500,500,"bobyqa","/net/holynfs01/srv/export/mclaughlin/share_root/users/jflournoy/data/permediatr/test/","pmjob_30",0.2
"131",1,1,0,0,0.579983032992147,0.590253928937374,100,0.5,1,0.5,24,10,2500,500,"bobyqa","/net/holynfs01/srv/export/mclaughlin/share_root/users/jflournoy/data/permediatr/test/","pmjob_30",0.2
"132",1,1,0,0,0.438496364461923,0.449366738288909,100,0.5,1,0.5,24,10,2500,500,"bobyqa","/net/holynfs01/srv/export/mclaughlin/share_root/users/jflournoy/data/permediatr/test/","pmjob_30",0.2
"133",1,1,0,0,0.545270729544172,0.555661581790067,100,0.5,1,0.5,24,10,2500,500,"bobyqa","/net/holynfs01/srv/export/mclaughlin/share_root/users/jflournoy/data/permediatr/test/","pmjob_30",0.2
"134",1,1,0,0,0.581675109355704,0.56080941521023,100,0.5,1,0.5,24,10,2500,500,"bobyqa","/net/holynfs01/srv/export/mclaughlin/share_root/users/jflournoy/data/permediatr/test/","pmjob_30",0.2
"135",1,1,0,0,0.549211067811288,0.561048890703424,100,0.5,1,0.5,24,10,2500,500,"bobyqa","/net/holynfs01/srv/export/mclaughlin/share_root/users/jflournoy/data/permediatr/test/","pmjob_30",0.2
"136",1,1,0,0,0.420434300244761,0.423309302046782,100,0.5,1,0.5,24,10,2500,500,"bobyqa","/net/holynfs01/srv/export/mclaughlin/share_root/users/jflournoy/data/permediatr/test/","pmjob_30",0.2
"137",1,1,0,0,0.58050822269784,0.55218024674407,100,0.5,1,0.5,24,10,2500,500,"bobyqa","/net/holynfs01/srv/export/mclaughlin/share_root/users/jflournoy/data/permediatr/test/","pmjob_30",0.2
"138",1,1,0,0,0.540906321016513,0.544904631327497,100,0.5,1,0.5,24,10,2500,500,"bobyqa","/net/holynfs01/srv/export/mclaughlin/share_root/users/jflournoy/data/permediatr/test/","pmjob_30",0.2
"139",1,1,0,0,0.640414719222757,0.6504033852749,100,0.5,1,0.5,24,10,2500,500,"bobyqa","/net/holynfs01/srv/export/mclaughlin/share_root/users/jflournoy/data/permediatr/test/","pmjob_30",0.2
"140",1,1,0,0,0.566894265495522,0.551458744778713,100,0.5,1,0.5,24,10,2500,500,"bobyqa","/net/holynfs01/srv/export/mclaughlin/share_root/users/jflournoy/data/permediatr/test/","pmjob_30",0.2
"141",1,1,0,0,0.46488911450733,0.478910568846318,100,0.5,1,0.5,24,10,2500,500,"bobyqa","/net/holynfs01/srv/export/mclaughlin/share_root/users/jflournoy/data/permediatr/test/","pmjob_30",0.2
"142",1,1,0,0,0.404842334052249,0.411650796151013,100,0.5,1,0.5,24,10,2500,500,"bobyqa","/net/holynfs01/srv/export/mclaughlin/share_root/users/jflournoy/data/permediatr/test/","pmjob_30",0.2
"143",1,1,0,0,0.394146960626738,0.388560577294669,100,0.5,1,0.5,24,10,2500,500,"bobyqa","/net/holynfs01/srv/export/mclaughlin/share_root/users/jflournoy/data/permediatr/test/","pmjob_30",0.2
"144",1,1,0,0,0.49206600879381,0.496883941993291,100,0.5,1,0.5,24,10,2500,500,"bobyqa","/net/holynfs01/srv/export/mclaughlin/share_root/users/jflournoy/data/permediatr/test/","pmjob_30",0.2
"145",1,1,0,0,0.461648410058515,0.47108776771183,100,0.5,1,0.5,24,10,2500,500,"bobyqa","/net/holynfs01/srv/export/mclaughlin/share_root/users/jflournoy/data/permediatr/test/","pmjob_30",0.2
"146",1,1,0,0,0.471167650558637,0.453566966307317,100,0.5,1,0.5,24,10,2500,500,"bobyqa","/net/holynfs01/srv/export/mclaughlin/share_root/users/jflournoy/data/permediatr/test/","pmjob_30",0.2
"147",1,1,0,0,0.412666665965498,0.413249676889603,100,0.5,1,0.5,24,10,2500,500,"bobyqa","/net/holynfs01/srv/export/mclaughlin/share_root/users/jflournoy/data/permediatr/test/","pmjob_30",0.2
"148",1,1,0,0,0.505406641767679,0.509992110932154,100,0.5,1,0.5,24,10,2500,500,"bobyqa","/net/holynfs01/srv/export/mclaughlin/share_root/users/jflournoy/data/permediatr/test/","pmjob_30",0.2
"149",1,1,0,0,0.574257406550449,0.566265270088684,100,0.5,1,0.5,24,10,2500,500,"bobyqa","/net/holynfs01/srv/export/mclaughlin/share_root/users/jflournoy/data/permediatr/test/","pmjob_30",0.2
"150",1,1,0,0,0.405079839712898,0.418798358805715,100,0.5,1,0.5,24,10,2500,500,"bobyqa","/net/holynfs01/srv/export/mclaughlin/share_root/users/jflournoy/data/permediatr/test/","pmjob_30",0.2
"151",1,1,0,0,0.557418677215534,0.568690364103961,100,0.5,1,0.5,24,10,2500,500,"bobyqa","/net/holynfs01/srv/export/mclaughlin/share_root/users/jflournoy/data/permediatr/test/","pmjob_30",0.2
"152",1,1,0,0,0.591958817711558,0.589953942755634,100,0.5,1,0.5,24,10,2500,500,"bobyqa","/net/holynfs01/srv/export/mclaughlin/share_root/users/jflournoy/data/permediatr/test/","pmjob_30",0.2
"153",1,1,0,0,0.549332516434276,0.549752565982881,100,0.5,1,0.5,24,10,2500,500,"bobyqa","/net/holynfs01/srv/export/mclaughlin/share_root/users/jflournoy/data/permediatr/test/","pmjob_30",0.2
"154",1,1,0,0,0.431571431867503,0.44945866437449,100,0.5,1,0.5,24,10,2500,500,"bobyqa","/net/holynfs01/srv/export/mclaughlin/share_root/users/jflournoy/data/permediatr/test/","pmjob_30",0.2
"155",1,1,0,0,0.587313415666065,0.586811622648599,100,0.5,1,0.5,24,10,2500,500,"bobyqa","/net/holynfs01/srv/export/mclaughlin/share_root/users/jflournoy/data/permediatr/test/","pmjob_30",0.2
"156",1,1,0,0,0.52628822503593,0.511712322676925,100,0.5,1,0.5,24,10,2500,500,"bobyqa","/net/holynfs01/srv/export/mclaughlin/share_root/users/jflournoy/data/permediatr/test/","pmjob_30",0.2
"157",1,1,0,0,0.55113531664546,0.563018862930442,100,0.5,1,0.5,24,10,2500,500,"bobyqa","/net/holynfs01/srv/export/mclaughlin/share_root/users/jflournoy/data/permediatr/test/","pmjob_30",0.2
"158",1,1,0,0,0.452922062169872,0.45880867899847,100,0.5,1,0.5,24,10,2500,500,"bobyqa","/net/holynfs01/srv/export/mclaughlin/share_root/users/jflournoy/data/permediatr/test/","pmjob_30",0.2
"159",1,1,0,0,0.390617400882533,0.397343463399199,100,0.5,1,0.5,24,10,2500,500,"bobyqa","/net/holynfs01/srv/export/mclaughlin/share_root/users/jflournoy/data/permediatr/test/","pmjob_30",0.2
"160",1,1,0,0,0.508664692823474,0.532196096645412,100,0.5,1,0.5,24,10,2500,500,"bobyqa","/net/holynfs01/srv/export/mclaughlin/share_root/users/jflournoy/data/permediatr/test/","pmjob_30",0.2
"161",1,1,0,0,0.61329414264589,0.620065864114276,100,0.5,1,0.5,24,10,2500,500,"bobyqa","/net/holynfs01/srv/export/mclaughlin/share_root/users/jflournoy/data/permediatr/test/","pmjob_30",0.2
"162",1,1,0,0,0.449659578114735,0.464278084396833,100,0.5,1,0.5,24,10,2500,500,"bobyqa","/net/holynfs01/srv/export/mclaughlin/share_root/users/jflournoy/data/permediatr/test/","pmjob_30",0.2
"163",1,1,0,0,0.499901308515482,0.479076497420855,100,0.5,1,0.5,24,10,2500,500,"bobyqa","/net/holynfs01/srv/export/mclaughlin/share_root/users/jflournoy/data/permediatr/test/","pmjob_30",0.2
"164",1,1,0,0,0.545225070626686,0.548521552345801,100,0.5,1,0.5,24,10,2500,500,"bobyqa","/net/holynfs01/srv/export/mclaughlin/share_root/users/jflournoy/data/permediatr/test/","pmjob_30",0.2
"165",1,1,0,0,0.551120160740974,0.566637179118921,100,0.5,1,0.5,24,10,2500,500,"bobyqa","/net/holynfs01/srv/export/mclaughlin/share_root/users/jflournoy/data/permediatr/test/","pmjob_30",0.2
"166",1,1,0,0,0.363863700708072,0.387426763020403,100,0.5,1,0.5,24,10,2500,500,"bobyqa","/net/holynfs01/srv/export/mclaughlin/share_root/users/jflournoy/data/permediatr/test/","pmjob_30",0.2
"167",1,1,0,0,0.463228306222404,0.461082709005385,100,0.5,1,0.5,24,10,2500,500,"bobyqa","/net/holynfs01/srv/export/mclaughlin/share_root/users/jflournoy/data/permediatr/test/","pmjob_30",0.2
"168",1,1,0,0,0.475497103832309,0.485666895788658,100,0.5,1,0.5,24,10,2500,500,"bobyqa","/net/holynfs01/srv/export/mclaughlin/share_root/users/jflournoy/data/permediatr/test/","pmjob_30",0.2
"169",1,1,0,0,0.403908388176643,0.411149319504353,100,0.5,1,0.5,24,10,2500,500,"bobyqa","/net/holynfs01/srv/export/mclaughlin/share_root/users/jflournoy/data/permediatr/test/","pmjob_30",0.2
"170",1,1,0,0,0.493449332632944,0.493090107309313,100,0.5,1,0.5,24,10,2500,500,"bobyqa","/net/holynfs01/srv/export/mclaughlin/share_root/users/jflournoy/data/permediatr/test/","pmjob_30",0.2
"171",1,1,0,0,0.39517392008071,0.382611610307149,100,0.5,1,0.5,24,10,2500,500,"bobyqa","/net/holynfs01/srv/export/mclaughlin/share_root/users/jflournoy/data/permediatr/test/","pmjob_30",0.2
"172",1,1,0,0,0.433515593279596,0.439755277623601,100,0.5,1,0.5,24,10,2500,500,"bobyqa","/net/holynfs01/srv/export/mclaughlin/share_root/users/jflournoy/data/permediatr/test/","pmjob_30",0.2
"173",1,1,0,0,0.393864051380834,0.423040503504097,100,0.5,1,0.5,24,10,2500,500,"bobyqa","/net/holynfs01/srv/export/mclaughlin/share_root/users/jflournoy/data/permediatr/test/","pmjob_30",0.2
"174",1,1,0,0,0.534682428942824,0.527068583492317,100,0.5,1,0.5,24,10,2500,500,"bobyqa","/net/holynfs01/srv/export/mclaughlin/share_root/users/jflournoy/data/permediatr/test/","pmjob_30",0.2
"175",1,1,0,0,0.492544245829246,0.487942429405474,100,0.5,1,0.5,24,10,2500,500,"bobyqa","/net/holynfs01/srv/export/mclaughlin/share_root/users/jflournoy/data/permediatr/test/","pmjob_30",0.2
"176",1,1,0,0,0.590940979542873,0.574602103071879,100,0.5,1,0.5,24,10,2500,500,"bobyqa","/net/holynfs01/srv/export/mclaughlin/share_root/users/jflournoy/data/permediatr/test/","pmjob_30",0.2
"177",1,1,0,0,0.469083213538245,0.451933085988276,100,0.5,1,0.5,24,10,2500,500,"bobyqa","/net/holynfs01/srv/export/mclaughlin/share_root/users/jflournoy/data/permediatr/test/","pmjob_30",0.2
"178",1,1,0,0,0.541030263155131,0.531685407594852,100,0.5,1,0.5,24,10,2500,500,"bobyqa","/net/holynfs01/srv/export/mclaughlin/share_root/users/jflournoy/data/permediatr/test/","pmjob_30",0.2
"179",1,1,0,0,0.532856206995529,0.536107977141853,100,0.5,1,0.5,24,10,2500,500,"bobyqa","/net/holynfs01/srv/export/mclaughlin/share_root/users/jflournoy/data/permediatr/test/","pmjob_30",0.2
"180",1,1,0,0,0.4540516534874,0.448958073674899,100,0.5,1,0.5,24,10,2500,500,"bobyqa","/net/holynfs01/srv/export/mclaughlin/share_root/users/jflournoy/data/permediatr/test/","pmjob_30",0.2
"181",1,1,0,0,0.379454920711468,0.378405310867336,100,0.5,1,0.5,24,10,2500,500,"bobyqa","/net/holynfs01/srv/export/mclaughlin/share_root/users/jflournoy/data/permediatr/test/","pmjob_30",0.2
"182",1,1,0,0,0.480454376010673,0.484721521388114,100,0.5,1,0.5,24,10,2500,500,"bobyqa","/net/holynfs01/srv/export/mclaughlin/share_root/users/jflournoy/data/permediatr/test/","pmjob_30",0.2
"183",1,1,0,0,0.535251543249693,0.544188548497578,100,0.5,1,0.5,24,10,2500,500,"bobyqa","/net/holynfs01/srv/export/mclaughlin/share_root/users/jflournoy/data/permediatr/test/","pmjob_30",0.2
"184",1,1,0,0,0.45605038831094,0.442583990748721,100,0.5,1,0.5,24,10,2500,500,"bobyqa","/net/holynfs01/srv/export/mclaughlin/share_root/users/jflournoy/data/permediatr/test/","pmjob_30",0.2
"185",1,1,0,0,0.475594200466523,0.467345692507758,100,0.5,1,0.5,24,10,2500,500,"bobyqa","/net/holynfs01/srv/export/mclaughlin/share_root/users/jflournoy/data/permediatr/test/","pmjob_30",0.2
"186",1,1,0,0,0.420491298826853,0.42828968143319,100,0.5,1,0.5,24,10,2500,500,"bobyqa","/net/holynfs01/srv/export/mclaughlin/share_root/users/jflournoy/data/permediatr/test/","pmjob_30",0.2
"187",1,1,0,0,0.509353182250151,0.498492735195671,100,0.5,1,0.5,24,10,2500,500,"bobyqa","/net/holynfs01/srv/export/mclaughlin/share_root/users/jflournoy/data/permediatr/test/","pmjob_30",0.2
"188",1,1,0,0,0.515821596865654,0.512505021482271,100,0.5,1,0.5,24,10,2500,500,"bobyqa","/net/holynfs01/srv/export/mclaughlin/share_root/users/jflournoy/data/permediatr/test/","pmjob_30",0.2
"189",1,1,0,0,0.461112730046427,0.482107910730157,100,0.5,1,0.5,24,10,2500,500,"bobyqa","/net/holynfs01/srv/export/mclaughlin/share_root/users/jflournoy/data/permediatr/test/","pmjob_30",0.2
"190",1,1,0,0,0.44123455052374,0.446213405857019,100,0.5,1,0.5,24,10,2500,500,"bobyqa","/net/holynfs01/srv/export/mclaughlin/share_root/users/jflournoy/data/permediatr/test/","pmjob_30",0.2
"191",1,1,0,0,0.40451142716133,0.418780825095561,100,0.5,1,0.5,24,10,2500,500,"bobyqa","/net/holynfs01/srv/export/mclaughlin/share_root/users/jflournoy/data/permediatr/test/","pmjob_30",0.2
"192",1,1,0,0,0.404147813243482,0.421530097010876,100,0.5,1,0.5,24,10,2500,500,"bobyqa","/net/holynfs01/srv/export/mclaughlin/share_root/users/jflournoy/data/permediatr/test/","pmjob_30",0.2
"193",1,1,0,0,0.480775827763571,0.466009980083027,100,0.5,1,0.5,24,10,2500,500,"bobyqa","/net/holynfs01/srv/export/mclaughlin/share_root/users/jflournoy/data/permediatr/test/","pmjob_30",0.2
"194",1,1,0,0,0.553393511587698,0.562700083280585,100,0.5,1,0.5,24,10,2500,500,"bobyqa","/net/holynfs01/srv/export/mclaughlin/share_root/users/jflournoy/data/permediatr/test/","pmjob_30",0.2
"195",1,1,0,0,0.442255858254613,0.45124970015979,100,0.5,1,0.5,24,10,2500,500,"bobyqa","/net/holynfs01/srv/export/mclaughlin/share_root/users/jflournoy/data/permediatr/test/","pmjob_30",0.2
"196",1,1,0,0,0.470149572978985,0.480663878491431,100,0.5,1,0.5,24,10,2500,500,"bobyqa","/net/holynfs01/srv/export/mclaughlin/share_root/users/jflournoy/data/permediatr/test/","pmjob_30",0.2
"197",1,1,0,0,0.432720359834238,0.463956658782668,100,0.5,1,0.5,24,10,2500,500,"bobyqa","/net/holynfs01/srv/export/mclaughlin/share_root/users/jflournoy/data/permediatr/test/","pmjob_30",0.2
"198",1,1,0,0,0.537422499521771,0.5293941755324,100,0.5,1,0.5,24,10,2500,500,"bobyqa","/net/holynfs01/srv/export/mclaughlin/share_root/users/jflournoy/data/permediatr/test/","pmjob_30",0.2
"199",1,1,0,0,0.479236689903457,0.48373539110311,100,0.5,1,0.5,24,10,2500,500,"bobyqa","/net/holynfs01/srv/export/mclaughlin/share_root/users/jflournoy/data/permediatr/test/","pmjob_30",0.2
"200",1,1,0,0,0.599325744729853,0.596429339394298,100,0.5,1,0.5,24,10,2500,500,"bobyqa","/net/holynfs01/srv/export/mclaughlin/share_root/users/jflournoy/data/permediatr/test/","pmjob_30",0.2
"201",1,1,0,0,0.529627744503325,0.536556635807699,100,0.5,1,0.5,24,10,2500,500,"bobyqa","/net/holynfs01/srv/export/mclaughlin/share_root/users/jflournoy/data/permediatr/test/","pmjob_30",0.2
"202",1,1,0,0,0.549599436686511,0.573651569944635,100,0.5,1,0.5,24,10,2500,500,"bobyqa","/net/holynfs01/srv/export/mclaughlin/share_root/users/jflournoy/data/permediatr/test/","pmjob_30",0.2
"203",1,1,0,0,0.56194620426007,0.541609710440764,100,0.5,1,0.5,24,10,2500,500,"bobyqa","/net/holynfs01/srv/export/mclaughlin/share_root/users/jflournoy/data/permediatr/test/","pmjob_30",0.2
"204",1,1,0,0,0.440411085653269,0.426048920790651,100,0.5,1,0.5,24,10,2500,500,"bobyqa","/net/holynfs01/srv/export/mclaughlin/share_root/users/jflournoy/data/permediatr/test/","pmjob_30",0.2
"205",1,1,0,0,0.523413333655779,0.54490571902749,100,0.5,1,0.5,24,10,2500,500,"bobyqa","/net/holynfs01/srv/export/mclaughlin/share_root/users/jflournoy/data/permediatr/test/","pmjob_30",0.2
"206",1,1,0,0,0.50136103640833,0.515302846122103,100,0.5,1,0.5,24,10,2500,500,"bobyqa","/net/holynfs01/srv/export/mclaughlin/share_root/users/jflournoy/data/permediatr/test/","pmjob_30",0.2
"207",1,1,0,0,0.469025189430719,0.464257332735685,100,0.5,1,0.5,24,10,2500,500,"bobyqa","/net/holynfs01/srv/export/mclaughlin/share_root/users/jflournoy/data/permediatr/test/","pmjob_30",0.2
"208",1,1,0,0,0.651723765099187,0.656559468849813,100,0.5,1,0.5,24,10,2500,500,"bobyqa","/net/holynfs01/srv/export/mclaughlin/share_root/users/jflournoy/data/permediatr/test/","pmjob_30",0.2
"209",1,1,0,0,0.602617708180434,0.599349266649209,100,0.5,1,0.5,24,10,2500,500,"bobyqa","/net/holynfs01/srv/export/mclaughlin/share_root/users/jflournoy/data/permediatr/test/","pmjob_30",0.2
"210",1,1,0,0,0.658042907004602,0.629190392149992,100,0.5,1,0.5,24,10,2500,500,"bobyqa","/net/holynfs01/srv/export/mclaughlin/share_root/users/jflournoy/data/permediatr/test/","pmjob_30",0.2
"211",1,1,0,0,0.547647903911516,0.550546750940945,100,0.5,1,0.5,24,10,2500,500,"bobyqa","/net/holynfs01/srv/export/mclaughlin/share_root/users/jflournoy/data/permediatr/test/","pmjob_30",0.2
"212",1,1,0,0,0.533933092363753,0.567480118094108,100,0.5,1,0.5,24,10,2500,500,"bobyqa","/net/holynfs01/srv/export/mclaughlin/share_root/users/jflournoy/data/permediatr/test/","pmjob_30",0.2
"213",1,1,0,0,0.599581446757532,0.582149228327967,100,0.5,1,0.5,24,10,2500,500,"bobyqa","/net/holynfs01/srv/export/mclaughlin/share_root/users/jflournoy/data/permediatr/test/","pmjob_30",0.2
"214",1,1,0,0,0.69998840487745,0.709708254851722,100,0.5,1,0.5,24,10,2500,500,"bobyqa","/net/holynfs01/srv/export/mclaughlin/share_root/users/jflournoy/data/permediatr/test/","pmjob_30",0.2
"215",1,1,0,0,0.490387107568391,0.488302219955208,100,0.5,1,0.5,24,10,2500,500,"bobyqa","/net/holynfs01/srv/export/mclaughlin/share_root/users/jflournoy/data/permediatr/test/","pmjob_30",0.2
"216",1,1,0,0,0.553861483290336,0.570220770908053,100,0.5,1,0.5,24,10,2500,500,"bobyqa","/net/holynfs01/srv/export/mclaughlin/share_root/users/jflournoy/data/permediatr/test/","pmjob_30",0.2
"217",1,1,0,0,0.376536520971302,0.36995278711072,100,0.5,1,0.5,24,10,2500,500,"bobyqa","/net/holynfs01/srv/export/mclaughlin/share_root/users/jflournoy/data/permediatr/test/","pmjob_30",0.2
"218",1,1,0,0,0.609348675446102,0.613151322581096,100,0.5,1,0.5,24,10,2500,500,"bobyqa","/net/holynfs01/srv/export/mclaughlin/share_root/users/jflournoy/data/permediatr/test/","pmjob_30",0.2
"219",1,1,0,0,0.555246941807521,0.568389776053183,100,0.5,1,0.5,24,10,2500,500,"bobyqa","/net/holynfs01/srv/export/mclaughlin/share_root/users/jflournoy/data/permediatr/test/","pmjob_30",0.2
"220",1,1,0,0,0.480303393324396,0.478470548705939,100,0.5,1,0.5,24,10,2500,500,"bobyqa","/net/holynfs01/srv/export/mclaughlin/share_root/users/jflournoy/data/permediatr/test/","pmjob_30",0.2
"221",1,1,0,0,0.46627556717535,0.447589178188687,100,0.5,1,0.5,24,10,2500,500,"bobyqa","/net/holynfs01/srv/export/mclaughlin/share_root/users/jflournoy/data/permediatr/test/","pmjob_30",0.2
"222",1,1,0,0,0.368467105429732,0.384820748756315,100,0.5,1,0.5,24,10,2500,500,"bobyqa","/net/holynfs01/srv/export/mclaughlin/share_root/users/jflournoy/data/permediatr/test/","pmjob_30",0.2
"223",1,1,0,0,0.592935804388136,0.593811948207224,100,0.5,1,0.5,24,10,2500,500,"bobyqa","/net/holynfs01/srv/export/mclaughlin/share_root/users/jflournoy/data/permediatr/test/","pmjob_30",0.2
"224",1,1,0,0,0.448605375414923,0.462260960886522,100,0.5,1,0.5,24,10,2500,500,"bobyqa","/net/holynfs01/srv/export/mclaughlin/share_root/users/jflournoy/data/permediatr/test/","pmjob_30",0.2
"225",1,1,0,0,0.532261540773278,0.53194726404423,100,0.5,1,0.5,24,10,2500,500,"bobyqa","/net/holynfs01/srv/export/mclaughlin/share_root/users/jflournoy/data/permediatr/test/","pmjob_30",0.2
"226",1,1,0,0,0.5569471051425,0.548881395746217,100,0.5,1,0.5,24,10,2500,500,"bobyqa","/net/holynfs01/srv/export/mclaughlin/share_root/users/jflournoy/data/permediatr/test/","pmjob_30",0.2
"227",1,1,0,0,0.323013001657325,0.340100406070962,100,0.5,1,0.5,24,10,2500,500,"bobyqa","/net/holynfs01/srv/export/mclaughlin/share_root/users/jflournoy/data/permediatr/test/","pmjob_30",0.2
"228",1,1,0,0,0.511649811945084,0.510006714097554,100,0.5,1,0.5,24,10,2500,500,"bobyqa","/net/holynfs01/srv/export/mclaughlin/share_root/users/jflournoy/data/permediatr/test/","pmjob_30",0.2
"229",1,1,0,0,0.499739155905697,0.498242937813088,100,0.5,1,0.5,24,10,2500,500,"bobyqa","/net/holynfs01/srv/export/mclaughlin/share_root/users/jflournoy/data/permediatr/test/","pmjob_30",0.2
"230",1,1,0,0,0.408912363412737,0.424902387250753,100,0.5,1,0.5,24,10,2500,500,"bobyqa","/net/holynfs01/srv/export/mclaughlin/share_root/users/jflournoy/data/permediatr/test/","pmjob_30",0.2
"231",1,1,0,0,0.357241176054379,0.353988223745628,100,0.5,1,0.5,24,10,2500,500,"bobyqa","/net/holynfs01/srv/export/mclaughlin/share_root/users/jflournoy/data/permediatr/test/","pmjob_30",0.2
"232",1,1,0,0,0.59617572450955,0.601197643359391,100,0.5,1,0.5,24,10,2500,500,"bobyqa","/net/holynfs01/srv/export/mclaughlin/share_root/users/jflournoy/data/permediatr/test/","pmjob_30",0.2
"233",1,1,0,0,0.49659140660114,0.488972311766703,100,0.5,1,0.5,24,10,2500,500,"bobyqa","/net/holynfs01/srv/export/mclaughlin/share_root/users/jflournoy/data/permediatr/test/","pmjob_30",0.2
"234",1,1,0,0,0.536823402833307,0.5522381572155,100,0.5,1,0.5,24,10,2500,500,"bobyqa","/net/holynfs01/srv/export/mclaughlin/share_root/users/jflournoy/data/permediatr/test/","pmjob_30",0.2
"235",1,1,0,0,0.724149593136947,0.706030574943531,100,0.5,1,0.5,24,10,2500,500,"bobyqa","/net/holynfs01/srv/export/mclaughlin/share_root/users/jflournoy/data/permediatr/test/","pmjob_30",0.2
"236",1,1,0,0,0.583721170420081,0.574924688224382,100,0.5,1,0.5,24,10,2500,500,"bobyqa","/net/holynfs01/srv/export/mclaughlin/share_root/users/jflournoy/data/permediatr/test/","pmjob_30",0.2
"237",1,1,0,0,0.580089631310897,0.564868173020103,100,0.5,1,0.5,24,10,2500,500,"bobyqa","/net/holynfs01/srv/export/mclaughlin/share_root/users/jflournoy/data/permediatr/test/","pmjob_30",0.2
"238",1,1,0,0,0.567960160216432,0.555896840492906,100,0.5,1,0.5,24,10,2500,500,"bobyqa","/net/holynfs01/srv/export/mclaughlin/share_root/users/jflournoy/data/permediatr/test/","pmjob_30",0.2
"239",1,1,0,0,0.533404571605791,0.530368523715609,100,0.5,1,0.5,24,10,2500,500,"bobyqa","/net/holynfs01/srv/export/mclaughlin/share_root/users/jflournoy/data/permediatr/test/","pmjob_30",0.2
"240",1,1,0,0,0.612415384116945,0.616857568198897,100,0.5,1,0.5,24,10,2500,500,"bobyqa","/net/holynfs01/srv/export/mclaughlin/share_root/users/jflournoy/data/permediatr/test/","pmjob_30",0.2
"241",1,1,0,0,0.550570122674278,0.556313650248124,100,0.5,1,0.5,24,10,2500,500,"bobyqa","/net/holynfs01/srv/export/mclaughlin/share_root/users/jflournoy/data/permediatr/test/","pmjob_30",0.2
"242",1,1,0,0,0.483785432596608,0.491500104342509,100,0.5,1,0.5,24,10,2500,500,"bobyqa","/net/holynfs01/srv/export/mclaughlin/share_root/users/jflournoy/data/permediatr/test/","pmjob_30",0.2
"243",1,1,0,0,0.398960834205294,0.414536422822276,100,0.5,1,0.5,24,10,2500,500,"bobyqa","/net/holynfs01/srv/export/mclaughlin/share_root/users/jflournoy/data/permediatr/test/","pmjob_30",0.2
"244",1,1,0,0,0.448230841181642,0.45440563674581,100,0.5,1,0.5,24,10,2500,500,"bobyqa","/net/holynfs01/srv/export/mclaughlin/share_root/users/jflournoy/data/permediatr/test/","pmjob_30",0.2
"245",1,1,0,0,0.431606506613587,0.428961943763904,100,0.5,1,0.5,24,10,2500,500,"bobyqa","/net/holynfs01/srv/export/mclaughlin/share_root/users/jflournoy/data/permediatr/test/","pmjob_30",0.2
"246",1,1,0,0,0.532362086720545,0.541127547488051,100,0.5,1,0.5,24,10,2500,500,"bobyqa","/net/holynfs01/srv/export/mclaughlin/share_root/users/jflournoy/data/permediatr/test/","pmjob_30",0.2
"247",1,1,0,0,0.555362359711061,0.54675474545225,100,0.5,1,0.5,24,10,2500,500,"bobyqa","/net/holynfs01/srv/export/mclaughlin/share_root/users/jflournoy/data/permediatr/test/","pmjob_30",0.2
"248",1,1,0,0,0.506210062563151,0.535978541570975,100,0.5,1,0.5,24,10,2500,500,"bobyqa","/net/holynfs01/srv/export/mclaughlin/share_root/users/jflournoy/data/permediatr/test/","pmjob_30",0.2
"249",1,1,0,0,0.508911089290534,0.50568705082659,100,0.5,1,0.5,24,10,2500,500,"bobyqa","/net/holynfs01/srv/export/mclaughlin/share_root/users/jflournoy/data/permediatr/test/","pmjob_30",0.2
"250",1,1,0,0,0.422855262383462,0.429446280583095,100,0.5,1,0.5,24,10,2500,500,"bobyqa","/net/holynfs01/srv/export/mclaughlin/share_root/users/jflournoy/data/permediatr/test/","pmjob_30",0.2
"251",1,1,0,0,0.545221051274583,0.549839246856775,100,0.5,1,0.5,24,10,2500,500,"bobyqa","/net/holynfs01/srv/export/mclaughlin/share_root/users/jflournoy/data/permediatr/test/","pmjob_30",0.2
"252",1,1,0,0,0.31296211854616,0.322928931588453,100,0.5,1,0.5,24,10,2500,500,"bobyqa","/net/holynfs01/srv/export/mclaughlin/share_root/users/jflournoy/data/permediatr/test/","pmjob_30",0.2
"253",1,1,0,0,0.485227085384186,0.48055996520201,100,0.5,1,0.5,24,10,2500,500,"bobyqa","/net/holynfs01/srv/export/mclaughlin/share_root/users/jflournoy/data/permediatr/test/","pmjob_30",0.2
"254",1,1,0,0,0.623297433799774,0.641735585700669,100,0.5,1,0.5,24,10,2500,500,"bobyqa","/net/holynfs01/srv/export/mclaughlin/share_root/users/jflournoy/data/permediatr/test/","pmjob_30",0.2
"255",1,1,0,0,0.583378942968255,0.579945959730917,100,0.5,1,0.5,24,10,2500,500,"bobyqa","/net/holynfs01/srv/export/mclaughlin/share_root/users/jflournoy/data/permediatr/test/","pmjob_30",0.2
"256",1,1,0,0,0.5262631758071,0.533428955575595,100,0.5,1,0.5,24,10,2500,500,"bobyqa","/net/holynfs01/srv/export/mclaughlin/share_root/users/jflournoy/data/permediatr/test/","pmjob_30",0.2
"257",1,1,0,0,0.580825995033013,0.569983618465669,100,0.5,1,0.5,24,10,2500,500,"bobyqa","/net/holynfs01/srv/export/mclaughlin/share_root/users/jflournoy/data/permediatr/test/","pmjob_30",0.2
"258",1,1,0,0,0.563873045594327,0.549558112661804,100,0.5,1,0.5,24,10,2500,500,"bobyqa","/net/holynfs01/srv/export/mclaughlin/share_root/users/jflournoy/data/permediatr/test/","pmjob_30",0.2
"259",1,1,0,0,0.658690893380144,0.663902882021371,100,0.5,1,0.5,24,10,2500,500,"bobyqa","/net/holynfs01/srv/export/mclaughlin/share_root/users/jflournoy/data/permediatr/test/","pmjob_30",0.2
"260",1,1,0,0,0.511143546126119,0.52275787351501,100,0.5,1,0.5,24,10,2500,500,"bobyqa","/net/holynfs01/srv/export/mclaughlin/share_root/users/jflournoy/data/permediatr/test/","pmjob_30",0.2
"261",1,1,0,0,0.429602654055613,0.437868355250042,100,0.5,1,0.5,24,10,2500,500,"bobyqa","/net/holynfs01/srv/export/mclaughlin/share_root/users/jflournoy/data/permediatr/test/","pmjob_30",0.2
"262",1,1,0,0,0.683403080783166,0.680090459232329,100,0.5,1,0.5,24,10,2500,500,"bobyqa","/net/holynfs01/srv/export/mclaughlin/share_root/users/jflournoy/data/permediatr/test/","pmjob_30",0.2
"263",1,1,0,0,0.524230378408891,0.529535856512445,100,0.5,1,0.5,24,10,2500,500,"bobyqa","/net/holynfs01/srv/export/mclaughlin/share_root/users/jflournoy/data/permediatr/test/","pmjob_30",0.2
"264",1,1,0,0,0.539560849023935,0.53890505035299,100,0.5,1,0.5,24,10,2500,500,"bobyqa","/net/holynfs01/srv/export/mclaughlin/share_root/users/jflournoy/data/permediatr/test/","pmjob_30",0.2
"265",1,1,0,0,0.547819241577783,0.518996545007361,100,0.5,1,0.5,24,10,2500,500,"bobyqa","/net/holynfs01/srv/export/mclaughlin/share_root/users/jflournoy/data/permediatr/test/","pmjob_30",0.2
"266",1,1,0,0,0.479517787901666,0.47795561455529,100,0.5,1,0.5,24,10,2500,500,"bobyqa","/net/holynfs01/srv/export/mclaughlin/share_root/users/jflournoy/data/permediatr/test/","pmjob_30",0.2
"267",1,1,0,0,0.5099204311292,0.516775000778137,100,0.5,1,0.5,24,10,2500,500,"bobyqa","/net/holynfs01/srv/export/mclaughlin/share_root/users/jflournoy/data/permediatr/test/","pmjob_30",0.2
"268",1,1,0,0,0.493857645312644,0.475422550031928,100,0.5,1,0.5,24,10,2500,500,"bobyqa","/net/holynfs01/srv/export/mclaughlin/share_root/users/jflournoy/data/permediatr/test/","pmjob_30",0.2
"269",1,1,0,0,0.51411145181958,0.500771369298106,100,0.5,1,0.5,24,10,2500,500,"bobyqa","/net/holynfs01/srv/export/mclaughlin/share_root/users/jflournoy/data/permediatr/test/","pmjob_30",0.2
"270",1,1,0,0,0.539299209169991,0.544050310263938,100,0.5,1,0.5,24,10,2500,500,"bobyqa","/net/holynfs01/srv/export/mclaughlin/share_root/users/jflournoy/data/permediatr/test/","pmjob_30",0.2
"271",1,1,0,0,0.507271429327297,0.532428398746578,100,0.5,1,0.5,24,10,2500,500,"bobyqa","/net/holynfs01/srv/export/mclaughlin/share_root/users/jflournoy/data/permediatr/test/","pmjob_30",0.2
"272",1,1,0,0,0.508524287317848,0.519216391388059,100,0.5,1,0.5,24,10,2500,500,"bobyqa","/net/holynfs01/srv/export/mclaughlin/share_root/users/jflournoy/data/permediatr/test/","pmjob_30",0.2
"273",1,1,0,0,0.473136576647636,0.466564251179592,100,0.5,1,0.5,24,10,2500,500,"bobyqa","/net/holynfs01/srv/export/mclaughlin/share_root/users/jflournoy/data/permediatr/test/","pmjob_30",0.2
"274",1,1,0,0,0.441904903751023,0.435997920528554,100,0.5,1,0.5,24,10,2500,500,"bobyqa","/net/holynfs01/srv/export/mclaughlin/share_root/users/jflournoy/data/permediatr/test/","pmjob_30",0.2
"275",1,1,0,0,0.480496553103027,0.469676287572243,100,0.5,1,0.5,24,10,2500,500,"bobyqa","/net/holynfs01/srv/export/mclaughlin/share_root/users/jflournoy/data/permediatr/test/","pmjob_30",0.2
"276",1,1,0,0,0.546798412722988,0.548162687860327,100,0.5,1,0.5,24,10,2500,500,"bobyqa","/net/holynfs01/srv/export/mclaughlin/share_root/users/jflournoy/data/permediatr/test/","pmjob_30",0.2
"277",1,1,0,0,0.494154700496065,0.512180861073467,100,0.5,1,0.5,24,10,2500,500,"bobyqa","/net/holynfs01/srv/export/mclaughlin/share_root/users/jflournoy/data/permediatr/test/","pmjob_30",0.2
"278",1,1,0,0,0.48013978461829,0.478004905782347,100,0.5,1,0.5,24,10,2500,500,"bobyqa","/net/holynfs01/srv/export/mclaughlin/share_root/users/jflournoy/data/permediatr/test/","pmjob_30",0.2
"279",1,1,0,0,0.433176041140335,0.432408148220845,100,0.5,1,0.5,24,10,2500,500,"bobyqa","/net/holynfs01/srv/export/mclaughlin/share_root/users/jflournoy/data/permediatr/test/","pmjob_30",0.2
"280",1,1,0,0,0.63661238448756,0.665793738026854,100,0.5,1,0.5,24,10,2500,500,"bobyqa","/net/holynfs01/srv/export/mclaughlin/share_root/users/jflournoy/data/permediatr/test/","pmjob_30",0.2
"281",1,1,0,0,0.459549628415166,0.474065394690643,100,0.5,1,0.5,24,10,2500,500,"bobyqa","/net/holynfs01/srv/export/mclaughlin/share_root/users/jflournoy/data/permediatr/test/","pmjob_30",0.2
"282",1,1,0,0,0.517640002126005,0.519599882198763,100,0.5,1,0.5,24,10,2500,500,"bobyqa","/net/holynfs01/srv/export/mclaughlin/share_root/users/jflournoy/data/permediatr/test/","pmjob_30",0.2
"283",1,1,0,0,0.540137541683663,0.56123660207139,100,0.5,1,0.5,24,10,2500,500,"bobyqa","/net/holynfs01/srv/export/mclaughlin/share_root/users/jflournoy/data/permediatr/test/","pmjob_30",0.2
"284",1,1,0,0,0.430479782233636,0.434530933104349,100,0.5,1,0.5,24,10,2500,500,"bobyqa","/net/holynfs01/srv/export/mclaughlin/share_root/users/jflournoy/data/permediatr/test/","pmjob_30",0.2
"285",1,1,0,0,0.500123676764509,0.493936720331676,100,0.5,1,0.5,24,10,2500,500,"bobyqa","/net/holynfs01/srv/export/mclaughlin/share_root/users/jflournoy/data/permediatr/test/","pmjob_30",0.2
"286",1,1,0,0,0.416265043037455,0.424541076954572,100,0.5,1,0.5,24,10,2500,500,"bobyqa","/net/holynfs01/srv/export/mclaughlin/share_root/users/jflournoy/data/permediatr/test/","pmjob_30",0.2
"287",1,1,0,0,0.481076864444297,0.47988953742619,100,0.5,1,0.5,24,10,2500,500,"bobyqa","/net/holynfs01/srv/export/mclaughlin/share_root/users/jflournoy/data/permediatr/test/","pmjob_30",0.2
"288",1,1,0,0,0.449690862872071,0.454308740491788,100,0.5,1,0.5,24,10,2500,500,"bobyqa","/net/holynfs01/srv/export/mclaughlin/share_root/users/jflournoy/data/permediatr/test/","pmjob_30",0.2
"289",1,1,0,0,0.428776042499619,0.415382439254907,100,0.5,1,0.5,24,10,2500,500,"bobyqa","/net/holynfs01/srv/export/mclaughlin/share_root/users/jflournoy/data/permediatr/test/","pmjob_30",0.2
"290",1,1,0,0,0.385274624139415,0.393541708625044,100,0.5,1,0.5,24,10,2500,500,"bobyqa","/net/holynfs01/srv/export/mclaughlin/share_root/users/jflournoy/data/permediatr/test/","pmjob_30",0.2
"291",1,1,0,0,0.447485409688001,0.436982791257562,100,0.5,1,0.5,24,10,2500,500,"bobyqa","/net/holynfs01/srv/export/mclaughlin/share_root/users/jflournoy/data/permediatr/test/","pmjob_30",0.2
"292",1,1,0,0,0.39976049645463,0.399968819344597,100,0.5,1,0.5,24,10,2500,500,"bobyqa","/net/holynfs01/srv/export/mclaughlin/share_root/users/jflournoy/data/permediatr/test/","pmjob_30",0.2
"293",1,1,0,0,0.502824971334014,0.492422754917563,100,0.5,1,0.5,24,10,2500,500,"bobyqa","/net/holynfs01/srv/export/mclaughlin/share_root/users/jflournoy/data/permediatr/test/","pmjob_30",0.2
"294",1,1,0,0,0.485621341921115,0.486955551924292,100,0.5,1,0.5,24,10,2500,500,"bobyqa","/net/holynfs01/srv/export/mclaughlin/share_root/users/jflournoy/data/permediatr/test/","pmjob_30",0.2
"295",1,1,0,0,0.517655370849069,0.527218361424915,100,0.5,1,0.5,24,10,2500,500,"bobyqa","/net/holynfs01/srv/export/mclaughlin/share_root/users/jflournoy/data/permediatr/test/","pmjob_30",0.2
"296",1,1,0,0,0.499442232800597,0.483930576199893,100,0.5,1,0.5,24,10,2500,500,"bobyqa","/net/holynfs01/srv/export/mclaughlin/share_root/users/jflournoy/data/permediatr/test/","pmjob_30",0.2
"297",1,1,0,0,0.539103446021785,0.53240102469468,100,0.5,1,0.5,24,10,2500,500,"bobyqa","/net/holynfs01/srv/export/mclaughlin/share_root/users/jflournoy/data/permediatr/test/","pmjob_30",0.2
"298",1,1,0,0,0.451150070775608,0.445954296859986,100,0.5,1,0.5,24,10,2500,500,"bobyqa","/net/holynfs01/srv/export/mclaughlin/share_root/users/jflournoy/data/permediatr/test/","pmjob_30",0.2
"299",1,1,0,0,0.458772019348713,0.468842138071309,100,0.5,1,0.5,24,10,2500,500,"bobyqa","/net/holynfs01/srv/export/mclaughlin/share_root/users/jflournoy/data/permediatr/test/","pmjob_30",0.2
"300",1,1,0,0,0.516533386649946,0.511743215297558,100,0.5,1,0.5,24,10,2500,500,"bobyqa","/net/holynfs01/srv/export/mclaughlin/share_root/users/jflournoy/data/permediatr/test/","pmjob_30",0.2
"301",1,1,0,0,0.523974026521627,0.513594504539399,100,0.5,1,0.5,24,10,2500,500,"bobyqa","/net/holynfs01/srv/export/mclaughlin/share_root/users/jflournoy/data/permediatr/test/","pmjob_30",0.2
"302",1,1,0,0,0.481800829836199,0.47224091031907,100,0.5,1,0.5,24,10,2500,500,"bobyqa","/net/holynfs01/srv/export/mclaughlin/share_root/users/jflournoy/data/permediatr/test/","pmjob_30",0.2
"303",1,1,0,0,0.488050886731997,0.492804209760671,100,0.5,1,0.5,24,10,2500,500,"bobyqa","/net/holynfs01/srv/export/mclaughlin/share_root/users/jflournoy/data/permediatr/test/","pmjob_30",0.2
"304",1,1,0,0,0.360836479402088,0.373133321765877,100,0.5,1,0.5,24,10,2500,500,"bobyqa","/net/holynfs01/srv/export/mclaughlin/share_root/users/jflournoy/data/permediatr/test/","pmjob_30",0.2
"305",1,1,0,0,0.48703294897676,0.481936968382365,100,0.5,1,0.5,24,10,2500,500,"bobyqa","/net/holynfs01/srv/export/mclaughlin/share_root/users/jflournoy/data/permediatr/test/","pmjob_30",0.2
"306",1,1,0,0,0.509885540663493,0.517092198725443,100,0.5,1,0.5,24,10,2500,500,"bobyqa","/net/holynfs01/srv/export/mclaughlin/share_root/users/jflournoy/data/permediatr/test/","pmjob_30",0.2
"307",1,1,0,0,0.481622217851305,0.480046486629077,100,0.5,1,0.5,24,10,2500,500,"bobyqa","/net/holynfs01/srv/export/mclaughlin/share_root/users/jflournoy/data/permediatr/test/","pmjob_30",0.2
"308",1,1,0,0,0.404438048980068,0.398955707578556,100,0.5,1,0.5,24,10,2500,500,"bobyqa","/net/holynfs01/srv/export/mclaughlin/share_root/users/jflournoy/data/permediatr/test/","pmjob_30",0.2
"309",1,1,0,0,0.519697046744803,0.520045376612129,100,0.5,1,0.5,24,10,2500,500,"bobyqa","/net/holynfs01/srv/export/mclaughlin/share_root/users/jflournoy/data/permediatr/test/","pmjob_30",0.2
"310",1,1,0,0,0.526228425058266,0.533037593530783,100,0.5,1,0.5,24,10,2500,500,"bobyqa","/net/holynfs01/srv/export/mclaughlin/share_root/users/jflournoy/data/permediatr/test/","pmjob_30",0.2
"311",1,1,0,0,0.494320310610639,0.49744301505821,100,0.5,1,0.5,24,10,2500,500,"bobyqa","/net/holynfs01/srv/export/mclaughlin/share_root/users/jflournoy/data/permediatr/test/","pmjob_30",0.2
"312",1,1,0,0,0.307362693936576,0.33368371828661,100,0.5,1,0.5,24,10,2500,500,"bobyqa","/net/holynfs01/srv/export/mclaughlin/share_root/users/jflournoy/data/permediatr/test/","pmjob_30",0.2
"313",1,1,0,0,0.416105363257956,0.418628997972162,100,0.5,1,0.5,24,10,2500,500,"bobyqa","/net/holynfs01/srv/export/mclaughlin/share_root/users/jflournoy/data/permediatr/test/","pmjob_30",0.2
"314",1,1,0,0,0.604501047465194,0.608726441813456,100,0.5,1,0.5,24,10,2500,500,"bobyqa","/net/holynfs01/srv/export/mclaughlin/share_root/users/jflournoy/data/permediatr/test/","pmjob_30",0.2
"315",1,1,0,0,0.374300166675367,0.369336749996572,100,0.5,1,0.5,24,10,2500,500,"bobyqa","/net/holynfs01/srv/export/mclaughlin/share_root/users/jflournoy/data/permediatr/test/","pmjob_30",0.2
"316",1,1,0,0,0.512647334987214,0.504427701396245,100,0.5,1,0.5,24,10,2500,500,"bobyqa","/net/holynfs01/srv/export/mclaughlin/share_root/users/jflournoy/data/permediatr/test/","pmjob_30",0.2
"317",1,1,0,0,0.465133026069664,0.454881930476665,100,0.5,1,0.5,24,10,2500,500,"bobyqa","/net/holynfs01/srv/export/mclaughlin/share_root/users/jflournoy/data/permediatr/test/","pmjob_30",0.2
"318",1,1,0,0,0.397503893640581,0.381833920741593,100,0.5,1,0.5,24,10,2500,500,"bobyqa","/net/holynfs01/srv/export/mclaughlin/share_root/users/jflournoy/data/permediatr/test/","pmjob_30",0.2
"319",1,1,0,0,0.406327751519599,0.427012265258586,100,0.5,1,0.5,24,10,2500,500,"bobyqa","/net/holynfs01/srv/export/mclaughlin/share_root/users/jflournoy/data/permediatr/test/","pmjob_30",0.2
"320",1,1,0,0,0.523025675088258,0.523118173712971,100,0.5,1,0.5,24,10,2500,500,"bobyqa","/net/holynfs01/srv/export/mclaughlin/share_root/users/jflournoy/data/permediatr/test/","pmjob_30",0.2
"321",1,1,0,0,0.520163324184479,0.518197238555313,100,0.5,1,0.5,24,10,2500,500,"bobyqa","/net/holynfs01/srv/export/mclaughlin/share_root/users/jflournoy/data/permediatr/test/","pmjob_30",0.2
"322",1,1,0,0,0.579815667261154,0.578157784913497,100,0.5,1,0.5,24,10,2500,500,"bobyqa","/net/holynfs01/srv/export/mclaughlin/share_root/users/jflournoy/data/permediatr/test/","pmjob_30",0.2
"323",1,1,0,0,0.455477919233683,0.454581723876637,100,0.5,1,0.5,24,10,2500,500,"bobyqa","/net/holynfs01/srv/export/mclaughlin/share_root/users/jflournoy/data/permediatr/test/","pmjob_30",0.2
"324",1,1,0,0,0.493765263621719,0.476395796437948,100,0.5,1,0.5,24,10,2500,500,"bobyqa","/net/holynfs01/srv/export/mclaughlin/share_root/users/jflournoy/data/permediatr/test/","pmjob_30",0.2
"325",1,1,0,0,0.538948851336354,0.541274704585988,100,0.5,1,0.5,24,10,2500,500,"bobyqa","/net/holynfs01/srv/export/mclaughlin/share_root/users/jflournoy/data/permediatr/test/","pmjob_30",0.2
"326",1,1,0,0,0.540292623553045,0.527945823506719,100,0.5,1,0.5,24,10,2500,500,"bobyqa","/net/holynfs01/srv/export/mclaughlin/share_root/users/jflournoy/data/permediatr/test/","pmjob_30",0.2
"327",1,1,0,0,0.513566243211706,0.512603393872478,100,0.5,1,0.5,24,10,2500,500,"bobyqa","/net/holynfs01/srv/export/mclaughlin/share_root/users/jflournoy/data/permediatr/test/","pmjob_30",0.2
"328",1,1,0,0,0.56671392852244,0.571246710527103,100,0.5,1,0.5,24,10,2500,500,"bobyqa","/net/holynfs01/srv/export/mclaughlin/share_root/users/jflournoy/data/permediatr/test/","pmjob_30",0.2
"329",1,1,0,0,0.524567552636091,0.519703292674723,100,0.5,1,0.5,24,10,2500,500,"bobyqa","/net/holynfs01/srv/export/mclaughlin/share_root/users/jflournoy/data/permediatr/test/","pmjob_30",0.2
"330",1,1,0,0,0.480580667266478,0.474975553604711,100,0.5,1,0.5,24,10,2500,500,"bobyqa","/net/holynfs01/srv/export/mclaughlin/share_root/users/jflournoy/data/permediatr/test/","pmjob_30",0.2
"331",1,1,0,0,0.585265846366754,0.596120372813108,100,0.5,1,0.5,24,10,2500,500,"bobyqa","/net/holynfs01/srv/export/mclaughlin/share_root/users/jflournoy/data/permediatr/test/","pmjob_30",0.2
"332",1,1,0,0,0.519197024131122,0.527324987046308,100,0.5,1,0.5,24,10,2500,500,"bobyqa","/net/holynfs01/srv/export/mclaughlin/share_root/users/jflournoy/data/permediatr/test/","pmjob_30",0.2
"333",1,1,0,0,0.461360200903821,0.458880613424783,100,0.5,1,0.5,24,10,2500,500,"bobyqa","/net/holynfs01/srv/export/mclaughlin/share_root/users/jflournoy/data/permediatr/test/","pmjob_30",0.2
"334",1,1,0,0,0.491114727782162,0.49712827371119,100,0.5,1,0.5,24,10,2500,500,"bobyqa","/net/holynfs01/srv/export/mclaughlin/share_root/users/jflournoy/data/permediatr/test/","pmjob_30",0.2
"335",1,1,0,0,0.476158105265735,0.486946581019481,100,0.5,1,0.5,24,10,2500,500,"bobyqa","/net/holynfs01/srv/export/mclaughlin/share_root/users/jflournoy/data/permediatr/test/","pmjob_30",0.2
"336",1,1,0,0,0.440786179293591,0.423997280957841,100,0.5,1,0.5,24,10,2500,500,"bobyqa","/net/holynfs01/srv/export/mclaughlin/share_root/users/jflournoy/data/permediatr/test/","pmjob_30",0.2
"337",1,1,0,0,0.412495086350891,0.417077654116728,100,0.5,1,0.5,24,10,2500,500,"bobyqa","/net/holynfs01/srv/export/mclaughlin/share_root/users/jflournoy/data/permediatr/test/","pmjob_30",0.2
"338",1,1,0,0,0.491549023684219,0.508725557323112,100,0.5,1,0.5,24,10,2500,500,"bobyqa","/net/holynfs01/srv/export/mclaughlin/share_root/users/jflournoy/data/permediatr/test/","pmjob_30",0.2
"339",1,1,0,0,0.426590195121619,0.425505020003929,100,0.5,1,0.5,24,10,2500,500,"bobyqa","/net/holynfs01/srv/export/mclaughlin/share_root/users/jflournoy/data/permediatr/test/","pmjob_30",0.2
"340",1,1,0,0,0.444263656950493,0.437485176829429,100,0.5,1,0.5,24,10,2500,500,"bobyqa","/net/holynfs01/srv/export/mclaughlin/share_root/users/jflournoy/data/permediatr/test/","pmjob_30",0.2
"341",1,1,0,0,0.567967097438674,0.563439200164488,100,0.5,1,0.5,24,10,2500,500,"bobyqa","/net/holynfs01/srv/export/mclaughlin/share_root/users/jflournoy/data/permediatr/test/","pmjob_30",0.2
"342",1,1,0,0,0.42891170285094,0.424813625038019,100,0.5,1,0.5,24,10,2500,500,"bobyqa","/net/holynfs01/srv/export/mclaughlin/share_root/users/jflournoy/data/permediatr/test/","pmjob_30",0.2
"343",1,1,0,0,0.627110958206087,0.612174872680285,100,0.5,1,0.5,24,10,2500,500,"bobyqa","/net/holynfs01/srv/export/mclaughlin/share_root/users/jflournoy/data/permediatr/test/","pmjob_30",0.2
"344",1,1,0,0,0.532577568987358,0.531687947347033,100,0.5,1,0.5,24,10,2500,500,"bobyqa","/net/holynfs01/srv/export/mclaughlin/share_root/users/jflournoy/data/permediatr/test/","pmjob_30",0.2
"345",1,1,0,0,0.488439129404119,0.482824916574442,100,0.5,1,0.5,24,10,2500,500,"bobyqa","/net/holynfs01/srv/export/mclaughlin/share_root/users/jflournoy/data/permediatr/test/","pmjob_30",0.2
"346",1,1,0,0,0.451766962920826,0.476611837347826,100,0.5,1,0.5,24,10,2500,500,"bobyqa","/net/holynfs01/srv/export/mclaughlin/share_root/users/jflournoy/data/permediatr/test/","pmjob_30",0.2
"347",1,1,0,0,0.451643606809179,0.428059291235408,100,0.5,1,0.5,24,10,2500,500,"bobyqa","/net/holynfs01/srv/export/mclaughlin/share_root/users/jflournoy/data/permediatr/test/","pmjob_30",0.2
"348",1,1,0,0,0.412144409788997,0.436949018378789,100,0.5,1,0.5,24,10,2500,500,"bobyqa","/net/holynfs01/srv/export/mclaughlin/share_root/users/jflournoy/data/permediatr/test/","pmjob_30",0.2
"349",1,1,0,0,0.5424111864467,0.542384039985442,100,0.5,1,0.5,24,10,2500,500,"bobyqa","/net/holynfs01/srv/export/mclaughlin/share_root/users/jflournoy/data/permediatr/test/","pmjob_30",0.2
"350",1,1,0,0,0.464665031205779,0.480790079686075,100,0.5,1,0.5,24,10,2500,500,"bobyqa","/net/holynfs01/srv/export/mclaughlin/share_root/users/jflournoy/data/permediatr/test/","pmjob_30",0.2
"351",1,1,0,0,0.483823453513262,0.495397319260027,100,0.5,1,0.5,24,10,2500,500,"bobyqa","/net/holynfs01/srv/export/mclaughlin/share_root/users/jflournoy/data/permediatr/test/","pmjob_30",0.2
"352",1,1,0,0,0.454471407698086,0.458158534896142,100,0.5,1,0.5,24,10,2500,500,"bobyqa","/net/holynfs01/srv/export/mclaughlin/share_root/users/jflournoy/data/permediatr/test/","pmjob_30",0.2
"353",1,1,0,0,0.502973910135908,0.518877120358278,100,0.5,1,0.5,24,10,2500,500,"bobyqa","/net/holynfs01/srv/export/mclaughlin/share_root/users/jflournoy/data/permediatr/test/","pmjob_30",0.2
"354",1,1,0,0,0.529857220914061,0.549547761516094,100,0.5,1,0.5,24,10,2500,500,"bobyqa","/net/holynfs01/srv/export/mclaughlin/share_root/users/jflournoy/data/permediatr/test/","pmjob_30",0.2
"355",1,1,0,0,0.433224637809209,0.426578520871025,100,0.5,1,0.5,24,10,2500,500,"bobyqa","/net/holynfs01/srv/export/mclaughlin/share_root/users/jflournoy/data/permediatr/test/","pmjob_30",0.2
"356",1,1,0,0,0.538869396826881,0.530043675508403,100,0.5,1,0.5,24,10,2500,500,"bobyqa","/net/holynfs01/srv/export/mclaughlin/share_root/users/jflournoy/data/permediatr/test/","pmjob_30",0.2
"357",1,1,0,0,0.613694034849514,0.606430089792955,100,0.5,1,0.5,24,10,2500,500,"bobyqa","/net/holynfs01/srv/export/mclaughlin/share_root/users/jflournoy/data/permediatr/test/","pmjob_30",0.2
"358",1,1,0,0,0.530149528446147,0.508550962652128,100,0.5,1,0.5,24,10,2500,500,"bobyqa","/net/holynfs01/srv/export/mclaughlin/share_root/users/jflournoy/data/permediatr/test/","pmjob_30",0.2
"359",1,1,0,0,0.437598856720392,0.445573526524959,100,0.5,1,0.5,24,10,2500,500,"bobyqa","/net/holynfs01/srv/export/mclaughlin/share_root/users/jflournoy/data/permediatr/test/","pmjob_30",0.2
"360",1,1,0,0,0.505714013732203,0.512949897178662,100,0.5,1,0.5,24,10,2500,500,"bobyqa","/net/holynfs01/srv/export/mclaughlin/share_root/users/jflournoy/data/permediatr/test/","pmjob_30",0.2
"361",1,1,0,0,0.614322828492398,0.625128434469635,100,0.5,1,0.5,24,10,2500,500,"bobyqa","/net/holynfs01/srv/export/mclaughlin/share_root/users/jflournoy/data/permediatr/test/","pmjob_30",0.2
"362",1,1,0,0,0.443038983495579,0.433522939902644,100,0.5,1,0.5,24,10,2500,500,"bobyqa","/net/holynfs01/srv/export/mclaughlin/share_root/users/jflournoy/data/permediatr/test/","pmjob_30",0.2
"363",1,1,0,0,0.561052566260891,0.576262893589751,100,0.5,1,0.5,24,10,2500,500,"bobyqa","/net/holynfs01/srv/export/mclaughlin/share_root/users/jflournoy/data/permediatr/test/","pmjob_30",0.2
"364",1,1,0,0,0.566217065345742,0.552707931109192,100,0.5,1,0.5,24,10,2500,500,"bobyqa","/net/holynfs01/srv/export/mclaughlin/share_root/users/jflournoy/data/permediatr/test/","pmjob_30",0.2
"365",1,1,0,0,0.516683215643327,0.511483932036162,100,0.5,1,0.5,24,10,2500,500,"bobyqa","/net/holynfs01/srv/export/mclaughlin/share_root/users/jflournoy/data/permediatr/test/","pmjob_30",0.2
"366",1,1,0,0,0.419351844447536,0.434102786421273,100,0.5,1,0.5,24,10,2500,500,"bobyqa","/net/holynfs01/srv/export/mclaughlin/share_root/users/jflournoy/data/permediatr/test/","pmjob_30",0.2
"367",1,1,0,0,0.505301987183397,0.489390910487181,100,0.5,1,0.5,24,10,2500,500,"bobyqa","/net/holynfs01/srv/export/mclaughlin/share_root/users/jflournoy/data/permediatr/test/","pmjob_30",0.2
"368",1,1,0,0,0.550910954336275,0.546586455051117,100,0.5,1,0.5,24,10,2500,500,"bobyqa","/net/holynfs01/srv/export/mclaughlin/share_root/users/jflournoy/data/permediatr/test/","pmjob_30",0.2
"369",1,1,0,0,0.63588309778508,0.623452707611182,100,0.5,1,0.5,24,10,2500,500,"bobyqa","/net/holynfs01/srv/export/mclaughlin/share_root/users/jflournoy/data/permediatr/test/","pmjob_30",0.2
"370",1,1,0,0,0.440445489381079,0.428457532263117,100,0.5,1,0.5,24,10,2500,500,"bobyqa","/net/holynfs01/srv/export/mclaughlin/share_root/users/jflournoy/data/permediatr/test/","pmjob_30",0.2
"371",1,1,0,0,0.366928039964716,0.367495984045412,100,0.5,1,0.5,24,10,2500,500,"bobyqa","/net/holynfs01/srv/export/mclaughlin/share_root/users/jflournoy/data/permediatr/test/","pmjob_30",0.2
"372",1,1,0,0,0.53992986848045,0.538615303960278,100,0.5,1,0.5,24,10,2500,500,"bobyqa","/net/holynfs01/srv/export/mclaughlin/share_root/users/jflournoy/data/permediatr/test/","pmjob_30",0.2
"373",1,1,0,0,0.658178462733041,0.67743185526346,100,0.5,1,0.5,24,10,2500,500,"bobyqa","/net/holynfs01/srv/export/mclaughlin/share_root/users/jflournoy/data/permediatr/test/","pmjob_30",0.2
"374",1,1,0,0,0.4879582681462,0.49525169332486,100,0.5,1,0.5,24,10,2500,500,"bobyqa","/net/holynfs01/srv/export/mclaughlin/share_root/users/jflournoy/data/permediatr/test/","pmjob_30",0.2
"375",1,1,0,0,0.566613521260684,0.574460762476646,100,0.5,1,0.5,24,10,2500,500,"bobyqa","/net/holynfs01/srv/export/mclaughlin/share_root/users/jflournoy/data/permediatr/test/","pmjob_30",0.2
"376",1,1,0,0,0.666145983211243,0.68007491517787,100,0.5,1,0.5,24,10,2500,500,"bobyqa","/net/holynfs01/srv/export/mclaughlin/share_root/users/jflournoy/data/permediatr/test/","pmjob_30",0.2
"377",1,1,0,0,0.53811335290796,0.546321829460483,100,0.5,1,0.5,24,10,2500,500,"bobyqa","/net/holynfs01/srv/export/mclaughlin/share_root/users/jflournoy/data/permediatr/test/","pmjob_30",0.2
"378",1,1,0,0,0.44727409316707,0.448997188079687,100,0.5,1,0.5,24,10,2500,500,"bobyqa","/net/holynfs01/srv/export/mclaughlin/share_root/users/jflournoy/data/permediatr/test/","pmjob_30",0.2
"379",1,1,0,0,0.600715554429574,0.600321152485533,100,0.5,1,0.5,24,10,2500,500,"bobyqa","/net/holynfs01/srv/export/mclaughlin/share_root/users/jflournoy/data/permediatr/test/","pmjob_30",0.2
"380",1,1,0,0,0.560826850776977,0.56236049273509,100,0.5,1,0.5,24,10,2500,500,"bobyqa","/net/holynfs01/srv/export/mclaughlin/share_root/users/jflournoy/data/permediatr/test/","pmjob_30",0.2
"381",1,1,0,0,0.472883053098942,0.476861326449636,100,0.5,1,0.5,24,10,2500,500,"bobyqa","/net/holynfs01/srv/export/mclaughlin/share_root/users/jflournoy/data/permediatr/test/","pmjob_30",0.2
"382",1,1,0,0,0.692037947554311,0.692030130895012,100,0.5,1,0.5,24,10,2500,500,"bobyqa","/net/holynfs01/srv/export/mclaughlin/share_root/users/jflournoy/data/permediatr/test/","pmjob_30",0.2
"383",1,1,0,0,0.456108358235446,0.470805357194065,100,0.5,1,0.5,24,10,2500,500,"bobyqa","/net/holynfs01/srv/export/mclaughlin/share_root/users/jflournoy/data/permediatr/test/","pmjob_30",0.2
"384",1,1,0,0,0.405277413470905,0.406189452245102,100,0.5,1,0.5,24,10,2500,500,"bobyqa","/net/holynfs01/srv/export/mclaughlin/share_root/users/jflournoy/data/permediatr/test/","pmjob_30",0.2
"385",1,1,0,0,0.530459095664158,0.544733856967598,100,0.5,1,0.5,24,10,2500,500,"bobyqa","/net/holynfs01/srv/export/mclaughlin/share_root/users/jflournoy/data/permediatr/test/","pmjob_30",0.2
"386",1,1,0,0,0.435037322284851,0.411717031575086,100,0.5,1,0.5,24,10,2500,500,"bobyqa","/net/holynfs01/srv/export/mclaughlin/share_root/users/jflournoy/data/permediatr/test/","pmjob_30",0.2
"387",1,1,0,0,0.438612673742388,0.443734491735929,100,0.5,1,0.5,24,10,2500,500,"bobyqa","/net/holynfs01/srv/export/mclaughlin/share_root/users/jflournoy/data/permediatr/test/","pmjob_30",0.2
"388",1,1,0,0,0.571234666050663,0.556630659412035,100,0.5,1,0.5,24,10,2500,500,"bobyqa","/net/holynfs01/srv/export/mclaughlin/share_root/users/jflournoy/data/permediatr/test/","pmjob_30",0.2
"389",1,1,0,0,0.456594453461963,0.451565194522867,100,0.5,1,0.5,24,10,2500,500,"bobyqa","/net/holynfs01/srv/export/mclaughlin/share_root/users/jflournoy/data/permediatr/test/","pmjob_30",0.2
"390",1,1,0,0,0.517619845835593,0.536117556366955,100,0.5,1,0.5,24,10,2500,500,"bobyqa","/net/holynfs01/srv/export/mclaughlin/share_root/users/jflournoy/data/permediatr/test/","pmjob_30",0.2
"391",1,1,0,0,0.521481997536631,0.523053455328631,100,0.5,1,0.5,24,10,2500,500,"bobyqa","/net/holynfs01/srv/export/mclaughlin/share_root/users/jflournoy/data/permediatr/test/","pmjob_30",0.2
"392",1,1,0,0,0.442635234298558,0.459005754651068,100,0.5,1,0.5,24,10,2500,500,"bobyqa","/net/holynfs01/srv/export/mclaughlin/share_root/users/jflournoy/data/permediatr/test/","pmjob_30",0.2
"393",1,1,0,0,0.476836946242156,0.499730278083879,100,0.5,1,0.5,24,10,2500,500,"bobyqa","/net/holynfs01/srv/export/mclaughlin/share_root/users/jflournoy/data/permediatr/test/","pmjob_30",0.2
"394",1,1,0,0,0.455876932598028,0.457633172362106,100,0.5,1,0.5,24,10,2500,500,"bobyqa","/net/holynfs01/srv/export/mclaughlin/share_root/users/jflournoy/data/permediatr/test/","pmjob_30",0.2
"395",1,1,0,0,0.51896136737444,0.52567605026361,100,0.5,1,0.5,24,10,2500,500,"bobyqa","/net/holynfs01/srv/export/mclaughlin/share_root/users/jflournoy/data/permediatr/test/","pmjob_30",0.2
"396",1,1,0,0,0.622552694916092,0.616560453941175,100,0.5,1,0.5,24,10,2500,500,"bobyqa","/net/holynfs01/srv/export/mclaughlin/share_root/users/jflournoy/data/permediatr/test/","pmjob_30",0.2
"397",1,1,0,0,0.494462639071445,0.48476979189921,100,0.5,1,0.5,24,10,2500,500,"bobyqa","/net/holynfs01/srv/export/mclaughlin/share_root/users/jflournoy/data/permediatr/test/","pmjob_30",0.2
"398",1,1,0,0,0.486154525688947,0.474242197015912,100,0.5,1,0.5,24,10,2500,500,"bobyqa","/net/holynfs01/srv/export/mclaughlin/share_root/users/jflournoy/data/permediatr/test/","pmjob_30",0.2
"399",1,1,0,0,0.477765110823522,0.479386414139069,100,0.5,1,0.5,24,10,2500,500,"bobyqa","/net/holynfs01/srv/export/mclaughlin/share_root/users/jflournoy/data/permediatr/test/","pmjob_30",0.2
"400",1,1,0,0,0.554422546535761,0.544714021509554,100,0.5,1,0.5,24,10,2500,500,"bobyqa","/net/holynfs01/srv/export/mclaughlin/share_root/users/jflournoy/data/permediatr/test/","pmjob_30",0.2
"401",1,1,0,0,0.458843037053615,0.468415390951794,100,0.5,1,0.5,24,10,2500,500,"bobyqa","/net/holynfs01/srv/export/mclaughlin/share_root/users/jflournoy/data/permediatr/test/","pmjob_30",0.2
"402",1,1,0,0,0.48818035184732,0.460293992474199,100,0.5,1,0.5,24,10,2500,500,"bobyqa","/net/holynfs01/srv/export/mclaughlin/share_root/users/jflournoy/data/permediatr/test/","pmjob_30",0.2
"403",1,1,0,0,0.494000965127649,0.495826978074208,100,0.5,1,0.5,24,10,2500,500,"bobyqa","/net/holynfs01/srv/export/mclaughlin/share_root/users/jflournoy/data/permediatr/test/","pmjob_30",0.2
"404",1,1,0,0,0.451916746787256,0.428617696565546,100,0.5,1,0.5,24,10,2500,500,"bobyqa","/net/holynfs01/srv/export/mclaughlin/share_root/users/jflournoy/data/permediatr/test/","pmjob_30",0.2
"405",1,1,0,0,0.370072375168005,0.36321383034222,100,0.5,1,0.5,24,10,2500,500,"bobyqa","/net/holynfs01/srv/export/mclaughlin/share_root/users/jflournoy/data/permediatr/test/","pmjob_30",0.2
"406",1,1,0,0,0.479900004465537,0.481301922307093,100,0.5,1,0.5,24,10,2500,500,"bobyqa","/net/holynfs01/srv/export/mclaughlin/share_root/users/jflournoy/data/permediatr/test/","pmjob_30",0.2
"407",1,1,0,0,0.54665435139114,0.566123810299204,100,0.5,1,0.5,24,10,2500,500,"bobyqa","/net/holynfs01/srv/export/mclaughlin/share_root/users/jflournoy/data/permediatr/test/","pmjob_30",0.2
"408",1,1,0,0,0.511163424536502,0.497091820032317,100,0.5,1,0.5,24,10,2500,500,"bobyqa","/net/holynfs01/srv/export/mclaughlin/share_root/users/jflournoy/data/permediatr/test/","pmjob_30",0.2
"409",1,1,0,0,0.392505996929783,0.408271217924216,100,0.5,1,0.5,24,10,2500,500,"bobyqa","/net/holynfs01/srv/export/mclaughlin/share_root/users/jflournoy/data/permediatr/test/","pmjob_30",0.2
"410",1,1,0,0,0.584045501697243,0.579421327146252,100,0.5,1,0.5,24,10,2500,500,"bobyqa","/net/holynfs01/srv/export/mclaughlin/share_root/users/jflournoy/data/permediatr/test/","pmjob_30",0.2
"411",1,1,0,0,0.392108380216149,0.389603014818853,100,0.5,1,0.5,24,10,2500,500,"bobyqa","/net/holynfs01/srv/export/mclaughlin/share_root/users/jflournoy/data/permediatr/test/","pmjob_30",0.2
"412",1,1,0,0,0.749956970019846,0.737801306116678,100,0.5,1,0.5,24,10,2500,500,"bobyqa","/net/holynfs01/srv/export/mclaughlin/share_root/users/jflournoy/data/permediatr/test/","pmjob_30",0.2
"413",1,1,0,0,0.547659624506759,0.531931714791707,100,0.5,1,0.5,24,10,2500,500,"bobyqa","/net/holynfs01/srv/export/mclaughlin/share_root/users/jflournoy/data/permediatr/test/","pmjob_30",0.2
"414",1,1,0,0,0.54427676374301,0.519777203043311,100,0.5,1,0.5,24,10,2500,500,"bobyqa","/net/holynfs01/srv/export/mclaughlin/share_root/users/jflournoy/data/permediatr/test/","pmjob_30",0.2
"415",1,1,0,0,0.545588134730928,0.53960546732353,100,0.5,1,0.5,24,10,2500,500,"bobyqa","/net/holynfs01/srv/export/mclaughlin/share_root/users/jflournoy/data/permediatr/test/","pmjob_30",0.2
"416",1,1,0,0,0.472791661696391,0.497291760657768,100,0.5,1,0.5,24,10,2500,500,"bobyqa","/net/holynfs01/srv/export/mclaughlin/share_root/users/jflournoy/data/permediatr/test/","pmjob_30",0.2
"417",1,1,0,0,0.433740762863798,0.436395004218347,100,0.5,1,0.5,24,10,2500,500,"bobyqa","/net/holynfs01/srv/export/mclaughlin/share_root/users/jflournoy/data/permediatr/test/","pmjob_30",0.2
"418",1,1,0,0,0.676320238260128,0.692837166563502,100,0.5,1,0.5,24,10,2500,500,"bobyqa","/net/holynfs01/srv/export/mclaughlin/share_root/users/jflournoy/data/permediatr/test/","pmjob_30",0.2
"419",1,1,0,0,0.507680890916671,0.507459717404625,100,0.5,1,0.5,24,10,2500,500,"bobyqa","/net/holynfs01/srv/export/mclaughlin/share_root/users/jflournoy/data/permediatr/test/","pmjob_30",0.2
"420",1,1,0,0,0.496789490353663,0.501687604323419,100,0.5,1,0.5,24,10,2500,500,"bobyqa","/net/holynfs01/srv/export/mclaughlin/share_root/users/jflournoy/data/permediatr/test/","pmjob_30",0.2
"421",1,1,0,0,0.533578710672,0.534996042010051,100,0.5,1,0.5,24,10,2500,500,"bobyqa","/net/holynfs01/srv/export/mclaughlin/share_root/users/jflournoy/data/permediatr/test/","pmjob_30",0.2
"422",1,1,0,0,0.509306945006217,0.505082453920942,100,0.5,1,0.5,24,10,2500,500,"bobyqa","/net/holynfs01/srv/export/mclaughlin/share_root/users/jflournoy/data/permediatr/test/","pmjob_30",0.2
"423",1,1,0,0,0.462391879330912,0.464858351389809,100,0.5,1,0.5,24,10,2500,500,"bobyqa","/net/holynfs01/srv/export/mclaughlin/share_root/users/jflournoy/data/permediatr/test/","pmjob_30",0.2
"424",1,1,0,0,0.587173902225283,0.589044134781178,100,0.5,1,0.5,24,10,2500,500,"bobyqa","/net/holynfs01/srv/export/mclaughlin/share_root/users/jflournoy/data/permediatr/test/","pmjob_30",0.2
"425",1,1,0,0,0.62317541726587,0.611240741020999,100,0.5,1,0.5,24,10,2500,500,"bobyqa","/net/holynfs01/srv/export/mclaughlin/share_root/users/jflournoy/data/permediatr/test/","pmjob_30",0.2
"426",1,1,0,0,0.575612273387805,0.594918022201161,100,0.5,1,0.5,24,10,2500,500,"bobyqa","/net/holynfs01/srv/export/mclaughlin/share_root/users/jflournoy/data/permediatr/test/","pmjob_30",0.2
"427",1,1,0,0,0.482080720791178,0.479539040604929,100,0.5,1,0.5,24,10,2500,500,"bobyqa","/net/holynfs01/srv/export/mclaughlin/share_root/users/jflournoy/data/permediatr/test/","pmjob_30",0.2
"428",1,1,0,0,0.472904754039777,0.474906952934893,100,0.5,1,0.5,24,10,2500,500,"bobyqa","/net/holynfs01/srv/export/mclaughlin/share_root/users/jflournoy/data/permediatr/test/","pmjob_30",0.2
"429",1,1,0,0,0.473319125246306,0.474742858145653,100,0.5,1,0.5,24,10,2500,500,"bobyqa","/net/holynfs01/srv/export/mclaughlin/share_root/users/jflournoy/data/permediatr/test/","pmjob_30",0.2
"430",1,1,0,0,0.509262837512365,0.491343232309717,100,0.5,1,0.5,24,10,2500,500,"bobyqa","/net/holynfs01/srv/export/mclaughlin/share_root/users/jflournoy/data/permediatr/test/","pmjob_30",0.2
"431",1,1,0,0,0.514788715352949,0.509270931997455,100,0.5,1,0.5,24,10,2500,500,"bobyqa","/net/holynfs01/srv/export/mclaughlin/share_root/users/jflournoy/data/permediatr/test/","pmjob_30",0.2
"432",1,1,0,0,0.460594148978463,0.463561196375396,100,0.5,1,0.5,24,10,2500,500,"bobyqa","/net/holynfs01/srv/export/mclaughlin/share_root/users/jflournoy/data/permediatr/test/","pmjob_30",0.2
"433",1,1,0,0,0.421961836844547,0.424944031455179,100,0.5,1,0.5,24,10,2500,500,"bobyqa","/net/holynfs01/srv/export/mclaughlin/share_root/users/jflournoy/data/permediatr/test/","pmjob_30",0.2
"434",1,1,0,0,0.587867008036576,0.592843461701941,100,0.5,1,0.5,24,10,2500,500,"bobyqa","/net/holynfs01/srv/export/mclaughlin/share_root/users/jflournoy/data/permediatr/test/","pmjob_30",0.2
"435",1,1,0,0,0.505145994234153,0.527989629582022,100,0.5,1,0.5,24,10,2500,500,"bobyqa","/net/holynfs01/srv/export/mclaughlin/share_root/users/jflournoy/data/permediatr/test/","pmjob_30",0.2
"436",1,1,0,0,0.393871904133405,0.399075776669444,100,0.5,1,0.5,24,10,2500,500,"bobyqa","/net/holynfs01/srv/export/mclaughlin/share_root/users/jflournoy/data/permediatr/test/","pmjob_30",0.2
"437",1,1,0,0,0.411277321820876,0.411599237192706,100,0.5,1,0.5,24,10,2500,500,"bobyqa","/net/holynfs01/srv/export/mclaughlin/share_root/users/jflournoy/data/permediatr/test/","pmjob_30",0.2
"438",1,1,0,0,0.49002510067982,0.492154412726643,100,0.5,1,0.5,24,10,2500,500,"bobyqa","/net/holynfs01/srv/export/mclaughlin/share_root/users/jflournoy/data/permediatr/test/","pmjob_30",0.2
"439",1,1,0,0,0.512410754017756,0.511396767672929,100,0.5,1,0.5,24,10,2500,500,"bobyqa","/net/holynfs01/srv/export/mclaughlin/share_root/users/jflournoy/data/permediatr/test/","pmjob_30",0.2
"440",1,1,0,0,0.52807680011007,0.534904759705229,100,0.5,1,0.5,24,10,2500,500,"bobyqa","/net/holynfs01/srv/export/mclaughlin/share_root/users/jflournoy/data/permediatr/test/","pmjob_30",0.2
"441",1,1,0,0,0.42657164763774,0.424552875970984,100,0.5,1,0.5,24,10,2500,500,"bobyqa","/net/holynfs01/srv/export/mclaughlin/share_root/users/jflournoy/data/permediatr/test/","pmjob_30",0.2
"442",1,1,0,0,0.61349533616432,0.609412571929257,100,0.5,1,0.5,24,10,2500,500,"bobyqa","/net/holynfs01/srv/export/mclaughlin/share_root/users/jflournoy/data/permediatr/test/","pmjob_30",0.2
"443",1,1,0,0,0.332027719103259,0.351411275778589,100,0.5,1,0.5,24,10,2500,500,"bobyqa","/net/holynfs01/srv/export/mclaughlin/share_root/users/jflournoy/data/permediatr/test/","pmjob_30",0.2
"444",1,1,0,0,0.46868457294021,0.471617906488585,100,0.5,1,0.5,24,10,2500,500,"bobyqa","/net/holynfs01/srv/export/mclaughlin/share_root/users/jflournoy/data/permediatr/test/","pmjob_30",0.2
"445",1,1,0,0,0.500446654437799,0.502957810182778,100,0.5,1,0.5,24,10,2500,500,"bobyqa","/net/holynfs01/srv/export/mclaughlin/share_root/users/jflournoy/data/permediatr/test/","pmjob_30",0.2
"446",1,1,0,0,0.575941879428892,0.602408142548783,100,0.5,1,0.5,24,10,2500,500,"bobyqa","/net/holynfs01/srv/export/mclaughlin/share_root/users/jflournoy/data/permediatr/test/","pmjob_30",0.2
"447",1,1,0,0,0.49597988809774,0.496355949893992,100,0.5,1,0.5,24,10,2500,500,"bobyqa","/net/holynfs01/srv/export/mclaughlin/share_root/users/jflournoy/data/permediatr/test/","pmjob_30",0.2
"448",1,1,0,0,0.753566623836993,0.740428824031201,100,0.5,1,0.5,24,10,2500,500,"bobyqa","/net/holynfs01/srv/export/mclaughlin/share_root/users/jflournoy/data/permediatr/test/","pmjob_30",0.2
"449",1,1,0,0,0.457436893305238,0.459895584027898,100,0.5,1,0.5,24,10,2500,500,"bobyqa","/net/holynfs01/srv/export/mclaughlin/share_root/users/jflournoy/data/permediatr/test/","pmjob_30",0.2
"450",1,1,0,0,0.572091947220308,0.565085589989406,100,0.5,1,0.5,24,10,2500,500,"bobyqa","/net/holynfs01/srv/export/mclaughlin/share_root/users/jflournoy/data/permediatr/test/","pmjob_30",0.2
"451",1,1,0,0,0.454561360622346,0.452739412127247,100,0.5,1,0.5,24,10,2500,500,"bobyqa","/net/holynfs01/srv/export/mclaughlin/share_root/users/jflournoy/data/permediatr/test/","pmjob_30",0.2
"452",1,1,0,0,0.434995907706289,0.437733587143019,100,0.5,1,0.5,24,10,2500,500,"bobyqa","/net/holynfs01/srv/export/mclaughlin/share_root/users/jflournoy/data/permediatr/test/","pmjob_30",0.2
"453",1,1,0,0,0.472019786275572,0.452030857804458,100,0.5,1,0.5,24,10,2500,500,"bobyqa","/net/holynfs01/srv/export/mclaughlin/share_root/users/jflournoy/data/permediatr/test/","pmjob_30",0.2
"454",1,1,0,0,0.503247314117376,0.480487962918031,100,0.5,1,0.5,24,10,2500,500,"bobyqa","/net/holynfs01/srv/export/mclaughlin/share_root/users/jflournoy/data/permediatr/test/","pmjob_30",0.2
"455",1,1,0,0,0.392791558084516,0.421023174469896,100,0.5,1,0.5,24,10,2500,500,"bobyqa","/net/holynfs01/srv/export/mclaughlin/share_root/users/jflournoy/data/permediatr/test/","pmjob_30",0.2
"456",1,1,0,0,0.485353485553171,0.496560188254915,100,0.5,1,0.5,24,10,2500,500,"bobyqa","/net/holynfs01/srv/export/mclaughlin/share_root/users/jflournoy/data/permediatr/test/","pmjob_30",0.2
"457",1,1,0,0,0.514758935142364,0.507446664513746,100,0.5,1,0.5,24,10,2500,500,"bobyqa","/net/holynfs01/srv/export/mclaughlin/share_root/users/jflournoy/data/permediatr/test/","pmjob_30",0.2
"458",1,1,0,0,0.506753003754526,0.491742168282744,100,0.5,1,0.5,24,10,2500,500,"bobyqa","/net/holynfs01/srv/export/mclaughlin/share_root/users/jflournoy/data/permediatr/test/","pmjob_30",0.2
"459",1,1,0,0,0.568515348069985,0.55551948317096,100,0.5,1,0.5,24,10,2500,500,"bobyqa","/net/holynfs01/srv/export/mclaughlin/share_root/users/jflournoy/data/permediatr/test/","pmjob_30",0.2
"460",1,1,0,0,0.463442260870591,0.449116714229388,100,0.5,1,0.5,24,10,2500,500,"bobyqa","/net/holynfs01/srv/export/mclaughlin/share_root/users/jflournoy/data/permediatr/test/","pmjob_30",0.2
"461",1,1,0,0,0.535916830158293,0.543633498352099,100,0.5,1,0.5,24,10,2500,500,"bobyqa","/net/holynfs01/srv/export/mclaughlin/share_root/users/jflournoy/data/permediatr/test/","pmjob_30",0.2
"462",1,1,0,0,0.450561149111735,0.44861754451604,100,0.5,1,0.5,24,10,2500,500,"bobyqa","/net/holynfs01/srv/export/mclaughlin/share_root/users/jflournoy/data/permediatr/test/","pmjob_30",0.2
"463",1,1,0,0,0.479516995787555,0.477660816174909,100,0.5,1,0.5,24,10,2500,500,"bobyqa","/net/holynfs01/srv/export/mclaughlin/share_root/users/jflournoy/data/permediatr/test/","pmjob_30",0.2
"464",1,1,0,0,0.402985938072266,0.406326757784235,100,0.5,1,0.5,24,10,2500,500,"bobyqa","/net/holynfs01/srv/export/mclaughlin/share_root/users/jflournoy/data/permediatr/test/","pmjob_30",0.2
"465",1,1,0,0,0.523871241261225,0.513318471378083,100,0.5,1,0.5,24,10,2500,500,"bobyqa","/net/holynfs01/srv/export/mclaughlin/share_root/users/jflournoy/data/permediatr/test/","pmjob_30",0.2
"466",1,1,0,0,0.546461855761295,0.521657773329586,100,0.5,1,0.5,24,10,2500,500,"bobyqa","/net/holynfs01/srv/export/mclaughlin/share_root/users/jflournoy/data/permediatr/test/","pmjob_30",0.2
"467",1,1,0,0,0.616625566499902,0.621874694283387,100,0.5,1,0.5,24,10,2500,500,"bobyqa","/net/holynfs01/srv/export/mclaughlin/share_root/users/jflournoy/data/permediatr/test/","pmjob_30",0.2
"468",1,1,0,0,0.513917062353662,0.500659257801564,100,0.5,1,0.5,24,10,2500,500,"bobyqa","/net/holynfs01/srv/export/mclaughlin/share_root/users/jflournoy/data/permediatr/test/","pmjob_30",0.2
"469",1,1,0,0,0.619002094190305,0.617358636407189,100,0.5,1,0.5,24,10,2500,500,"bobyqa","/net/holynfs01/srv/export/mclaughlin/share_root/users/jflournoy/data/permediatr/test/","pmjob_30",0.2
"470",1,1,0,0,0.528261966461049,0.532829671559072,100,0.5,1,0.5,24,10,2500,500,"bobyqa","/net/holynfs01/srv/export/mclaughlin/share_root/users/jflournoy/data/permediatr/test/","pmjob_30",0.2
"471",1,1,0,0,0.488731076239268,0.502425956923212,100,0.5,1,0.5,24,10,2500,500,"bobyqa","/net/holynfs01/srv/export/mclaughlin/share_root/users/jflournoy/data/permediatr/test/","pmjob_30",0.2
"472",1,1,0,0,0.449372325763806,0.438147522042438,100,0.5,1,0.5,24,10,2500,500,"bobyqa","/net/holynfs01/srv/export/mclaughlin/share_root/users/jflournoy/data/permediatr/test/","pmjob_30",0.2
"473",1,1,0,0,0.524186024786504,0.522849415795835,100,0.5,1,0.5,24,10,2500,500,"bobyqa","/net/holynfs01/srv/export/mclaughlin/share_root/users/jflournoy/data/permediatr/test/","pmjob_30",0.2
"474",1,1,0,0,0.585468184365644,0.592901027172484,100,0.5,1,0.5,24,10,2500,500,"bobyqa","/net/holynfs01/srv/export/mclaughlin/share_root/users/jflournoy/data/permediatr/test/","pmjob_30",0.2
"475",1,1,0,0,0.43795080333996,0.427628856406748,100,0.5,1,0.5,24,10,2500,500,"bobyqa","/net/holynfs01/srv/export/mclaughlin/share_root/users/jflournoy/data/permediatr/test/","pmjob_30",0.2
"476",1,1,0,0,0.418294704340531,0.421815563401189,100,0.5,1,0.5,24,10,2500,500,"bobyqa","/net/holynfs01/srv/export/mclaughlin/share_root/users/jflournoy/data/permediatr/test/","pmjob_30",0.2
"477",1,1,0,0,0.596932031650228,0.600046484423728,100,0.5,1,0.5,24,10,2500,500,"bobyqa","/net/holynfs01/srv/export/mclaughlin/share_root/users/jflournoy/data/permediatr/test/","pmjob_30",0.2
"478",1,1,0,0,0.510871477330225,0.50455567937786,100,0.5,1,0.5,24,10,2500,500,"bobyqa","/net/holynfs01/srv/export/mclaughlin/share_root/users/jflournoy/data/permediatr/test/","pmjob_30",0.2
"479",1,1,0,0,0.543627763494702,0.553448895443777,100,0.5,1,0.5,24,10,2500,500,"bobyqa","/net/holynfs01/srv/export/mclaughlin/share_root/users/jflournoy/data/permediatr/test/","pmjob_30",0.2
"480",1,1,0,0,0.495978141822987,0.497579721838747,100,0.5,1,0.5,24,10,2500,500,"bobyqa","/net/holynfs01/srv/export/mclaughlin/share_root/users/jflournoy/data/permediatr/test/","pmjob_30",0.2
"481",1,1,0,0,0.520767487666815,0.519907148149764,100,0.5,1,0.5,24,10,2500,500,"bobyqa","/net/holynfs01/srv/export/mclaughlin/share_root/users/jflournoy/data/permediatr/test/","pmjob_30",0.2
"482",1,1,0,0,0.471042521538029,0.475325477694303,100,0.5,1,0.5,24,10,2500,500,"bobyqa","/net/holynfs01/srv/export/mclaughlin/share_root/users/jflournoy/data/permediatr/test/","pmjob_30",0.2
"483",1,1,0,0,0.458962019963082,0.44266265074369,100,0.5,1,0.5,24,10,2500,500,"bobyqa","/net/holynfs01/srv/export/mclaughlin/share_root/users/jflournoy/data/permediatr/test/","pmjob_30",0.2
"484",1,1,0,0,0.442265811212654,0.441767021160987,100,0.5,1,0.5,24,10,2500,500,"bobyqa","/net/holynfs01/srv/export/mclaughlin/share_root/users/jflournoy/data/permediatr/test/","pmjob_30",0.2
"485",1,1,0,0,0.476268311007183,0.499111462030352,100,0.5,1,0.5,24,10,2500,500,"bobyqa","/net/holynfs01/srv/export/mclaughlin/share_root/users/jflournoy/data/permediatr/test/","pmjob_30",0.2
"486",1,1,0,0,0.557153903611649,0.538080091757633,100,0.5,1,0.5,24,10,2500,500,"bobyqa","/net/holynfs01/srv/export/mclaughlin/share_root/users/jflournoy/data/permediatr/test/","pmjob_30",0.2
"487",1,1,0,0,0.385892749949666,0.376955004648515,100,0.5,1,0.5,24,10,2500,500,"bobyqa","/net/holynfs01/srv/export/mclaughlin/share_root/users/jflournoy/data/permediatr/test/","pmjob_30",0.2
"488",1,1,0,0,0.50697471125311,0.519122772789181,100,0.5,1,0.5,24,10,2500,500,"bobyqa","/net/holynfs01/srv/export/mclaughlin/share_root/users/jflournoy/data/permediatr/test/","pmjob_30",0.2
"489",1,1,0,0,0.680333912976748,0.677786335041252,100,0.5,1,0.5,24,10,2500,500,"bobyqa","/net/holynfs01/srv/export/mclaughlin/share_root/users/jflournoy/data/permediatr/test/","pmjob_30",0.2
"490",1,1,0,0,0.603334038989661,0.606003803012851,100,0.5,1,0.5,24,10,2500,500,"bobyqa","/net/holynfs01/srv/export/mclaughlin/share_root/users/jflournoy/data/permediatr/test/","pmjob_30",0.2
"491",1,1,0,0,0.530132090069269,0.527791665383946,100,0.5,1,0.5,24,10,2500,500,"bobyqa","/net/holynfs01/srv/export/mclaughlin/share_root/users/jflournoy/data/permediatr/test/","pmjob_30",0.2
"492",1,1,0,0,0.436541335975139,0.448768866920462,100,0.5,1,0.5,24,10,2500,500,"bobyqa","/net/holynfs01/srv/export/mclaughlin/share_root/users/jflournoy/data/permediatr/test/","pmjob_30",0.2
"493",1,1,0,0,0.492546378150737,0.50189909761417,100,0.5,1,0.5,24,10,2500,500,"bobyqa","/net/holynfs01/srv/export/mclaughlin/share_root/users/jflournoy/data/permediatr/test/","pmjob_30",0.2
"494",1,1,0,0,0.410703344010092,0.415617087303746,100,0.5,1,0.5,24,10,2500,500,"bobyqa","/net/holynfs01/srv/export/mclaughlin/share_root/users/jflournoy/data/permediatr/test/","pmjob_30",0.2
"495",1,1,0,0,0.445133912314671,0.429256924842502,100,0.5,1,0.5,24,10,2500,500,"bobyqa","/net/holynfs01/srv/export/mclaughlin/share_root/users/jflournoy/data/permediatr/test/","pmjob_30",0.2
"496",1,1,0,0,0.477618002295663,0.479266363686269,100,0.5,1,0.5,24,10,2500,500,"bobyqa","/net/holynfs01/srv/export/mclaughlin/share_root/users/jflournoy/data/permediatr/test/","pmjob_30",0.2
"497",1,1,0,0,0.661555801856637,0.642500004111018,100,0.5,1,0.5,24,10,2500,500,"bobyqa","/net/holynfs01/srv/export/mclaughlin/share_root/users/jflournoy/data/permediatr/test/","pmjob_30",0.2
"498",1,1,0,0,0.620970222636384,0.633006744355969,100,0.5,1,0.5,24,10,2500,500,"bobyqa","/net/holynfs01/srv/export/mclaughlin/share_root/users/jflournoy/data/permediatr/test/","pmjob_30",0.2
"499",1,1,0,0,0.444439469812202,0.443721429764884,100,0.5,1,0.5,24,10,2500,500,"bobyqa","/net/holynfs01/srv/export/mclaughlin/share_root/users/jflournoy/data/permediatr/test/","pmjob_30",0.2
"500",1,1,0,0,0.517862430956031,0.5206852996416,100,0.5,1,0.5,24,10,2500,500,"bobyqa","/net/holynfs01/srv/export/mclaughlin/share_root/users/jflournoy/data/permediatr/test/","pmjob_30",0.2
